-- phpMyAdmin SQL Dump
-- version 4.1.14
-- http://www.phpmyadmin.net
--
-- Host: 127.0.0.1
-- Generation Time: Oct 03, 2017 at 07:41 PM
-- Server version: 5.6.17
-- PHP Version: 5.6.18

SET SQL_MODE = "NO_AUTO_VALUE_ON_ZERO";
SET time_zone = "+00:00";


/*!40101 SET @OLD_CHARACTER_SET_CLIENT=@@CHARACTER_SET_CLIENT */;
/*!40101 SET @OLD_CHARACTER_SET_RESULTS=@@CHARACTER_SET_RESULTS */;
/*!40101 SET @OLD_COLLATION_CONNECTION=@@COLLATION_CONNECTION */;
/*!40101 SET NAMES utf8 */;

--
-- Database: `tdsi`
--

-- --------------------------------------------------------

--
-- Table structure for table `auth_tokens`
--

CREATE TABLE IF NOT EXISTS `auth_tokens` (
  `id` int(11) NOT NULL AUTO_INCREMENT,
  `selector` varchar(255) DEFAULT NULL,
  `expires` datetime DEFAULT NULL,
  `id_user` int(10) unsigned NOT NULL,
  `token` varchar(64) DEFAULT NULL,
  PRIMARY KEY (`id`),
  UNIQUE KEY `selector` (`selector`)
) ENGINE=InnoDB DEFAULT CHARSET=latin1 AUTO_INCREMENT=1 ;

-- --------------------------------------------------------

--
-- Table structure for table `codes`
--

CREATE TABLE IF NOT EXISTS `codes` (
  `id` int(11) NOT NULL AUTO_INCREMENT,
  `code` text,
  PRIMARY KEY (`id`)
) ENGINE=InnoDB  DEFAULT CHARSET=latin1 AUTO_INCREMENT=10 ;

--
-- Dumping data for table `codes`
--

INSERT INTO `codes` (`id`, `code`) VALUES
(1, '<script src="assets/js/jquery.min.js"></script>\r\n    <script src="assets/js/bootstrap.min.js"></script>\r\n    <script src="assets/js/tabby1.min.js"></script>\r\n    <script>\r\n      $(''#code'').tabby();\r\n      $(''#code'').height( $(window).height() -50 );\r\n    </script>'),
(2, 'if (no_empty([''code''])) {\r\n          extract($_POST);\r\n          \r\n          $query = $db->prepare("INSERT INTO codes(code) VALUES (:code) ");\r\n          $success=$query->execute([''code''=>$code]);\r\n          if ($success) {\r\n            # Afficher le code source\r\n            $id = $db->lastInsertId();\r\n\r\n            $fullURL= WEBSITE_URL+''/show_code.php?id=''.$id;\r\n            create_micropost_for_the_current_user(''Je viens de creer un code source:''.$fullURL);\r\n            redirection(''show_code.php?id=''.$id);\r\n }'),
(3, '$query = $db->prepare("INSERT INTO codes(code) VALUES (:code) ");\r\n          $success=$query->execute([''code''=>$code]);'),
(4, '<!DOCTYPE html>\r\n<html>\r\n<head>\r\n<link rel="stylesheet" type="text/css" href="sweetalert.min.css">\r\n<link rel="icon" type="image/png" href="favicon.png" />\r\n  <title></title>\r\n\r\n\r\n\r\n</head>\r\n<body>\r\n\r\n</body>\r\n  \r\n</script>\r\n</html>'),
(5, '<!DOCTYPE html>\r\n<html>\r\n<head>\r\n<link rel="stylesheet" type="text/css" href="sweetalert.min.css">\r\n<link rel="icon" type="image/png" href="favicon.png" />\r\n  <title></title>\r\n\r\n\r\n\r\n</head>\r\n<body>\r\n\r\n</body>\r\n  \r\n</script>\r\n</html>'),
(6, '\r\n.dropdown1 {\r\n    position: relative;\r\n    display: inline-block;\r\n}\r\n\r\n.dropdown1-content {\r\n    display: none;\r\n    position: absolute;\r\n    background-color: green\r\n    min-width: 160px;\r\n    box-shadow: 0px 8px 16px 0px rgba(0,0,0,0.2);\r\n    z-index: 1;\r\n}\r\n\r\n.dropdown1-content a {\r\n    color: blue;\r\n    padding: 12px 16px;\r\n    text-decoration: none;\r\n    display: block;\r\n}\r\n\r\n.dropdown1-content a:hover {background-color: #f1f1f1}\r\n\r\n.dropdown1:hover .dropdown1-content {\r\n    display: block;\r\n}\r\n'),
(7, '.dropdown1 {\r\n    position: relative;\r\n    display: inline-block;\r\n}\r\n\r\n.dropdown1-content {\r\n    display: none;\r\n    position: absolute;\r\n    background-color: green\r\n    min-width: 160px;\r\n    box-shadow: 0px 8px 16px 0px rgba(0,0,0,0.2);\r\n    z-index: 1;\r\n}\r\n\r\n.dropdown1-content a {\r\n    color: blue;\r\n    padding: 12px 16px;\r\n    text-decoration: none;\r\n    display: block;\r\n}\r\n\r\n.dropdown1-content a:hover {background-color: #f1f1f1}\r\n\r\n.dropdown1:hover .dropdown1-content {\r\n    display: block;\r\n}\r\n'),
(8, ' <?php include("partials/_footer.php"); ?>'),
(9, '\r\n\r\n<nav class="navbar navbar-inverse navbar-fixed-top" role="navigation">\r\n      <div class="container">\r\n        <div class="navbar-header">\r\n          <button type="button" class="navbar-toggle" data-toggle="collapse" data-target="navbar" aria-expanded="true" aria-controls="navbar">\r\n            <span class="sr-only">Toggle navigation</span>\r\n            <span class="icon-bar"></span>\r\n            <span class="icon-bar"></span>\r\n            <span class="icon-bar"></span>\r\n          </button>\r\n          <a class="navbar-brand" href="index.php"><?= WEBSITE_NAME?></a>\r\n        </div>\r\n        \r\n        <div id="navbar" class="collapse navbar-collapse">\r\n          <ul class="nav navbar-nav">\r\n            <li class="<?= set_active(''list_user'') ?>"><a href="list_user.php">Liste des utilisateurs</a></li>\r\n            <li>\r\n                <input type="search" name="" placeholder="Rechercher un utilisateur" id="searchbox" class="form-control">&nbsp;<i class="fa fa-spinner fa-spin loader" id="loader"></i>\r\n                <div id="display-result">\r\n                    \r\n                    \r\n                    \r\n                </div>\r\n            </li>\r\n          </ul>\r\n          <ul  class="nav navbar-nav  navbar-right">\r\n            <li  class="<?= set_active(''index'') ?>"><a href="index.php" >Accueil</a></li>\r\n\r\n            <?php if (is_logged_in()): ?>\r\n\r\n              <li class="dropdown dropdown1">\r\n              <a href="#" class="dropdown-toggle" data-toggle="dropdown" role="button" aria-haspopup="true" aria-expanded="true">\r\n\r\n                <img src="<?= get_session(''avatar'') ? get_session(''avatar''):\r\n                              get_avatar_url(get_session(''email''),100) ?>" width ="20" height="20"\r\n                              alt ="<?=echappe(get_session(''pseudo'')) ?>"\r\n                               class= "img-circle ">\r\n\r\n              <span class="caret"></span></a>\r\n              <ul class="dropdown-menu  dropdown1-content" role="menu" >\r\n                \r\n                <li class="<?= set_active(''profile'') ?>">\r\n                  <a href="profile.php?id=<?= get_session(''id_user'')?>">\r\n                  <span class="fa fa-user"  style="color:blue;font-size:16px"></span>\r\n                  <?= $menu[''mon_profil''][$_SESSION[''locale'']]?></a>\r\n                </li>\r\n                <li class="<?= set_active(''change_password'') ?>">\r\n                  <a href="change_password.php?id=<?= get_session(''id_user'')?>">\r\n                  <span class="glyphicon glyphicon-wrench"  style="color:blue;font-size:16px"></span>\r\n                  <?= $menu[''change_password''][$_SESSION[''locale'']]?> </a>\r\n                </li>\r\n                <li class="<?= set_active(''edit_user'') ?>">\r\n                  <a href="edit_user.php?id=<?= get_session(''id_user'')?>">\r\n                  <span class="glyphicon glyphicon-pencil"  style="color:#4f4; font-size:16px"></span>\r\n                  <?= $menu[''edit_profil''][$_SESSION[''locale'']]?></a>\r\n                </li>\r\n                <li class="<?= set_active(''liste_amis'') ?>">\r\n                  <a href="liste_amis.php?id=<?= get_session(''id_user'')?>">\r\n                  <span class="glyphicon glyphicon-user"  style="color:blue; font-size:16px"></span>\r\n                  <?= $menu[''friends''][$_SESSION[''locale'']]?></a>\r\n                </li>\r\n                <li class="<?= set_active(''amis_en_ligne'') ?>">\r\n                  <a href="amis_en_ligne.php?id=<?= get_session(''id_user'')?>">\r\n                  <span class="glyphicon glyphicon-comment text-success" style="color:blue;font-size:16px"></span>\r\n                  <?= $menu[''instantane''][$_SESSION[''locale'']]?></a>\r\n                </li>\r\n                <li class="<?= set_active(''share_code'') ?>">\r\n                <a href="share_code.php">\r\n                <span class="glyphicon glyphicon-share"  style="color:blue;font-size:16px"></span>\r\n                <?= $menu[''share_code''][$_SESSION[''locale'']]?>\r\n                </a></li>\r\n                <li role="separator" class="divider"></li>\r\n                <li><a href="logout.php">\r\n                <span class="fa fa-power-off"  style="color:blue; font-size:16px"></span>\r\n                <?= $menu[''deconnexion''][$_SESSION[''locale'']]?></a></li>\r\n              </ul>\r\n            </li>\r\n             <!---  Affichage des notifications !-->\r\n            <li class="<?= $notifications_count > 0 ? ''have_notifs'' : '''' ?>">\r\n               <a href="notifications.php"><i class="fa fa-bell"></i>\r\n               <?= $notifications_count > 0 ? "($notifications_count)" : ''''; ?>\r\n               </a>\r\n            </li>\r\n            <li class="<?= $message_count > 0 ? ''have_sms'' : '''' ?>">\r\n               <a href="notifs_sms.php"><i class="fa fa-envelope"></i>\r\n               <?= $message_count > 0 ? "($message_count)" : ''''; ?>\r\n               </a>\r\n            </li>\r\n\r\n            <?php else: ?>  \r\n            <li class="<?= set_active(''login'') ?> "><a href="login.php">Connexion</a></li>\r\n            <li class="<?= set_active(''register'') ?> "><a href="register.php">Inscription</a></li>\r\n          <?php endif; ?>\r\n          </ul>\r\n        </div><!--/.nav-collapse -->\r\n      </div> \r\n    </nav>\r\n');

-- --------------------------------------------------------

--
-- Table structure for table `connected`
--

CREATE TABLE IF NOT EXISTS `connected` (
  `id` int(11) NOT NULL AUTO_INCREMENT,
  `id_user` int(11) DEFAULT NULL,
  `pseudo` varchar(255) DEFAULT NULL,
  `email` varchar(255) DEFAULT NULL,
  `avatar` varchar(255) DEFAULT NULL,
  `created_at` datetime DEFAULT CURRENT_TIMESTAMP,
  PRIMARY KEY (`id`),
  KEY `id_user` (`id_user`)
) ENGINE=InnoDB  DEFAULT CHARSET=latin1 AUTO_INCREMENT=9 ;

--
-- Dumping data for table `connected`
--

INSERT INTO `connected` (`id`, `id_user`, `pseudo`, `email`, `avatar`, `created_at`) VALUES
(1, 18, 'gueye', 'ndiagagueye@gmail.com', '/uploads/18/e002961e7eedd2bea848a864272258bd.jpg', '2017-10-02 21:35:17'),
(2, 18, 'gueye', 'ndiagagueye@gmail.com', '/uploads/18/e002961e7eedd2bea848a864272258bd.jpg', '2017-10-03 11:51:45'),
(4, 20, 'diouf', 'diou@gmail.com', '/uploads/20/a822c3e98ead3d3124cf54a28d99f1a6.jpg', '2017-10-03 13:25:32'),
(5, 87, 'akozey', 'fruecker@thielstreich.biz', NULL, '2017-10-03 13:27:08'),
(6, 18, 'gueye', 'ndiagagueye@gmail.com', '/uploads/18/e002961e7eedd2bea848a864272258bd.jpg', '2017-10-03 15:10:41'),
(7, 18, 'gueye', 'ndiagagueye@gmail.com', '/uploads/18/e002961e7eedd2bea848a864272258bd.jpg', '2017-10-03 20:58:46'),
(8, 199, 'abelardo.dach', 'fadel.nakia@mclaughlinyundt.net', NULL, '2017-10-03 21:02:00');

-- --------------------------------------------------------

--
-- Table structure for table `friends_relationships`
--

CREATE TABLE IF NOT EXISTS `friends_relationships` (
  `id1_user` int(11) NOT NULL DEFAULT '0',
  `id2_user` int(11) NOT NULL DEFAULT '0',
  `status` enum('0','1','2') DEFAULT '0',
  `created_at` datetime DEFAULT CURRENT_TIMESTAMP,
  PRIMARY KEY (`id1_user`,`id2_user`),
  KEY `id2_user` (`id2_user`)
) ENGINE=InnoDB DEFAULT CHARSET=latin1;

--
-- Dumping data for table `friends_relationships`
--

INSERT INTO `friends_relationships` (`id1_user`, `id2_user`, `status`, `created_at`) VALUES
(18, 18, '2', '2017-09-09 16:36:36'),
(18, 20, '1', '2017-09-28 15:48:19'),
(18, 21, '0', '2017-09-28 15:44:32'),
(18, 22, '0', '2017-09-28 15:49:33'),
(18, 121, '1', '2017-09-28 14:37:28'),
(18, 199, '1', '2017-10-03 21:00:54'),
(18, 327, '0', '2017-09-28 15:53:59'),
(19, 18, '1', '2017-09-09 17:29:06'),
(19, 19, '2', '2017-09-09 16:37:16'),
(20, 20, '2', '2017-09-10 01:00:04'),
(20, 21, '1', '2017-09-29 15:25:50'),
(20, 87, '1', '2017-10-03 13:27:47'),
(21, 21, '2', '2017-09-12 01:34:09'),
(22, 22, '2', '2017-09-12 16:17:25'),
(327, 327, '2', '2017-09-19 13:07:16');

-- --------------------------------------------------------

--
-- Table structure for table `message`
--

CREATE TABLE IF NOT EXISTS `message` (
  `id` int(11) NOT NULL AUTO_INCREMENT,
  `id_content` int(11) DEFAULT NULL,
  `id_user` int(11) DEFAULT NULL,
  `created_at` datetime DEFAULT CURRENT_TIMESTAMP,
  `seen` enum('0','1') DEFAULT '0',
  `content` varchar(255) DEFAULT NULL,
  `name` varchar(255) DEFAULT NULL,
  PRIMARY KEY (`id`),
  KEY `id_user` (`id_user`)
) ENGINE=InnoDB  DEFAULT CHARSET=latin1 AUTO_INCREMENT=10 ;

--
-- Dumping data for table `message`
--

INSERT INTO `message` (`id`, `id_content`, `id_user`, `created_at`, `seen`, `content`, `name`) VALUES
(2, 18, 121, '2017-09-28 17:52:03', '1', '  \r\n                         salut gueye', 'friend_request_sent_sms'),
(3, 18, 121, '2017-09-28 18:03:45', '1', '  \r\n                         bonsoir gueye', 'friend_request_sent_sms'),
(5, 18, 121, '2017-09-28 18:27:24', '1', '  \r\n                         bien va les vaccances', 'friend_request_sent_sms'),
(6, 18, 87, '2017-09-28 18:34:54', '1', '  \r\n                         he gueye ou vous en etiez', 'friend_request_sent_sms'),
(8, 18, 20, '2017-09-28 19:13:50', '1', '  \r\n                         salut Mr gueye j''ai rencontre un probleme sur mon projet', 'friend_request_sent_sms'),
(9, 18, 20, '2017-09-29 16:08:58', '1', '  \r\n                         tu es en ligne', 'friend_request_sent_sms');

-- --------------------------------------------------------

--
-- Table structure for table `microposts`
--

CREATE TABLE IF NOT EXISTS `microposts` (
  `id` int(11) NOT NULL AUTO_INCREMENT,
  `content` text,
  `user_id` int(11) DEFAULT NULL,
  `created_at` datetime DEFAULT CURRENT_TIMESTAMP,
  `like_count` int(11) DEFAULT '0',
  PRIMARY KEY (`id`),
  KEY `user_id` (`user_id`)
) ENGINE=InnoDB  DEFAULT CHARSET=latin1 AUTO_INCREMENT=71 ;

--
-- Dumping data for table `microposts`
--

INSERT INTO `microposts` (`id`, `content`, `user_id`, `created_at`, `like_count`) VALUES
(33, '  \r\n                         nouveau', 19, '2017-09-10 15:03:58', 1),
(48, '  \r\n                         premier teste', 21, '2017-09-12 01:35:35', 0),
(64, '  \r\n                      je teste  ', 20, '2017-09-25 19:41:44', 0),
(67, '  \r\n                         hh', 18, '2017-10-02 21:46:27', 0),
(68, '  \r\n                         Bonsoir', 21, '2017-10-03 13:23:21', 1),
(69, '  \r\n               ggtt\r\n          ', 18, '2017-10-03 15:11:02', 0),
(70, 'Je viens de creer un code source:http://localhost:8000/show_code.php?id=9', 18, '2017-10-03 15:13:13', 0);

-- --------------------------------------------------------

--
-- Table structure for table `micropost_like`
--

CREATE TABLE IF NOT EXISTS `micropost_like` (
  `id` int(11) NOT NULL AUTO_INCREMENT,
  `id_user` int(11) DEFAULT NULL,
  `id_micropost` int(11) DEFAULT NULL,
  `created_at` datetime DEFAULT CURRENT_TIMESTAMP,
  PRIMARY KEY (`id`),
  KEY `id_user` (`id_user`),
  KEY `id_micropost` (`id_micropost`)
) ENGINE=InnoDB  DEFAULT CHARSET=latin1 AUTO_INCREMENT=6 ;

--
-- Dumping data for table `micropost_like`
--

INSERT INTO `micropost_like` (`id`, `id_user`, `id_micropost`, `created_at`) VALUES
(3, 19, 33, '2017-09-10 15:12:57'),
(5, 21, 68, '2017-10-03 13:23:37');

-- --------------------------------------------------------

--
-- Table structure for table `notifications`
--

CREATE TABLE IF NOT EXISTS `notifications` (
  `id` int(11) NOT NULL AUTO_INCREMENT,
  `id_subject` int(11) DEFAULT NULL,
  `name` varchar(255) DEFAULT NULL,
  `id_user` int(11) DEFAULT NULL,
  `created_at` datetime DEFAULT CURRENT_TIMESTAMP,
  `seen` enum('0','1') DEFAULT '0',
  PRIMARY KEY (`id`),
  KEY `id_user` (`id_user`)
) ENGINE=InnoDB  DEFAULT CHARSET=latin1 AUTO_INCREMENT=51 ;

--
-- Dumping data for table `notifications`
--

INSERT INTO `notifications` (`id`, `id_subject`, `name`, `id_user`, `created_at`, `seen`) VALUES
(28, 18, 'friend_request_sent', 19, '2017-09-09 17:29:06', '1'),
(29, 19, 'friend_request_accepted', 18, '2017-09-09 17:29:39', '1'),
(30, 18, 'friend_request_sent', 20, '2017-09-10 15:14:56', '1'),
(31, 19, 'friend_request_accepted', 18, '2017-09-10 15:15:26', '0'),
(33, 121, 'friend_request_sent', 18, '2017-09-28 14:37:28', '1'),
(34, 18, 'friend_request_accepted', 121, '2017-09-28 14:38:11', '1'),
(35, 20, 'friend_request_accepted', 18, '2017-09-28 14:40:22', '1'),
(36, 21, 'friend_request_sent', 18, '2017-09-28 15:44:32', '1'),
(37, 20, 'friend_request_accepted', 18, '2017-09-28 15:47:24', '1'),
(38, 19, 'friend_request_accepted', 18, '2017-09-28 15:48:01', '0'),
(39, 20, 'friend_request_accepted', 18, '2017-09-28 15:48:10', '1'),
(40, 20, 'friend_request_sent', 18, '2017-09-28 15:48:19', '1'),
(41, 20, 'friend_request_accepted', 18, '2017-09-28 15:48:38', '1'),
(42, 22, 'friend_request_sent', 18, '2017-09-28 15:49:33', '0'),
(43, 327, 'friend_request_sent', 18, '2017-09-28 15:53:59', '0'),
(44, 18, 'friend_request_accepted', 20, '2017-09-28 19:12:23', '1'),
(45, 21, 'friend_request_sent', 20, '2017-09-29 15:25:50', '1'),
(46, 20, 'friend_request_accepted', 21, '2017-09-29 15:26:00', '1'),
(47, 87, 'friend_request_sent', 20, '2017-10-03 13:27:47', '1'),
(48, 20, 'friend_request_accepted', 87, '2017-10-03 13:28:18', '1'),
(49, 199, 'friend_request_sent', 18, '2017-10-03 21:00:54', '1'),
(50, 18, 'friend_request_accepted', 199, '2017-10-03 21:06:02', '1');

-- --------------------------------------------------------

--
-- Table structure for table `posts`
--

CREATE TABLE IF NOT EXISTS `posts` (
  `id` int(11) NOT NULL AUTO_INCREMENT,
  `name` varchar(255) NOT NULL,
  `slug` varchar(255) NOT NULL,
  `content` longtext NOT NULL,
  PRIMARY KEY (`id`)
) ENGINE=InnoDB DEFAULT CHARSET=latin1 AUTO_INCREMENT=1 ;

-- --------------------------------------------------------

--
-- Table structure for table `users`
--

CREATE TABLE IF NOT EXISTS `users` (
  `id` int(11) NOT NULL AUTO_INCREMENT,
  `name` varchar(255) DEFAULT NULL,
  `pseudo` varchar(255) DEFAULT NULL,
  `email` varchar(255) DEFAULT NULL,
  `password` varchar(255) DEFAULT NULL,
  `active` enum('0','1') DEFAULT '0',
  `created_at` datetime DEFAULT CURRENT_TIMESTAMP,
  `city` varchar(255) DEFAULT NULL,
  `country` varchar(255) DEFAULT NULL,
  `sexe` enum('H','F') DEFAULT NULL,
  `twitter` varchar(255) DEFAULT NULL,
  `github` varchar(255) DEFAULT NULL,
  `avaible_for_hiring` enum('0','1') DEFAULT '0',
  `bio` text,
  `avatar` varchar(255) DEFAULT NULL,
  PRIMARY KEY (`id`),
  UNIQUE KEY `pseudo` (`pseudo`),
  UNIQUE KEY `email` (`email`)
) ENGINE=InnoDB  DEFAULT CHARSET=latin1 AUTO_INCREMENT=328 ;

--
-- Dumping data for table `users`
--

INSERT INTO `users` (`id`, `name`, `pseudo`, `email`, `password`, `active`, `created_at`, `city`, `country`, `sexe`, `twitter`, `github`, `avaible_for_hiring`, `bio`, `avatar`) VALUES
(18, 'gueye', 'gueye', 'ndiagagueye@gmail.com', '$2y$10$s6uMwZBzSciY7FLZlZmJrOwbbLMhXDeSImvtQiGDCDY5KziGTGOT6', '1', '2017-09-09 16:36:36', 'Dakar', 'Senegal', 'H', 'Gueye25', 'Gueye25', '1', 'je suis amoureux a la programmation', '/uploads/18/e002961e7eedd2bea848a864272258bd.jpg'),
(19, 'sarr', 'sarr', 'sarr@gmail.com', '$2y$10$BR7SRSkWPVFDJSZ80ml8P.sqrkpTQN4BmlPtqmomXcuoTpRRQqYOO', '1', '2017-09-09 16:37:16', 'Senegal', 'Senegal', 'H', 'sarr', 'sarr', '0', 'je teste', '/uploads/19/65b18158712b1243b448f79de20767b7.jpg'),
(20, 'diouf', 'diouf', 'diou@gmail.com', '$2y$10$aqOoK8Yg//HMzX0UKVlCZeBr8U5C40kaMmzEm/cwcnWYLSANsXe2e', '1', '2017-09-10 01:00:04', 'Dakar', 'Senegal', 'H', 'diouf', 'diouf', '1', 'j''aime les decouvert', '/uploads/20/a822c3e98ead3d3124cf54a28d99f1a6.jpg'),
(21, 'sall', 'sall', 'sall@gmail.com', '$2y$10$7UhfT9qGBCZwBZPGEllQH.bcAXLfxPVMVkR4i0zsRD1p7lWSv8IVG', '1', '2017-09-12 01:34:09', 'Dakar', 'Senegal', 'H', 'Sall', 'Sall', '1', 'j''aime la programmation', '/uploads/21/6f69520688acc4505b18ca4ec219f751.jpg'),
(22, 'gueye2', 'ndiaga2', 'ndiagagueye96@gmail.com', '$2y$10$I.yiOISXqQMImp0s7wLE6.CBI6KnN8/64YgItxgw4Z896Ue3OqHEa', '1', '2017-09-12 16:17:25', NULL, NULL, NULL, NULL, NULL, '0', NULL, NULL),
(23, 'Domingo Roob', 'carleton34', 'jeffery59@funk.info', '$2y$10$LrAndsXBUlGL5zso7sSSs.8L2lF0gaFbg3ybYgu6rW18krtGxpJDq', '1', '0000-00-00 00:00:00', 'East Laurel', 'Antigua and Barbuda', 'H', NULL, NULL, '0', 'Ea expedita et quia illo itaque. Adipisci recusandae aut in eos eveniet. Aliquid et repellat corporis nam. Nam nemo architecto amet minus fugiat neque.', NULL),
(24, 'Alanna Reichert', 'xturcotte', 'kunde.abe@binshills.info', '$2y$10$ETtRUHR7p/11uCQ3vsGoVuYXtH4eojAjuAruClqLSBSo7r7U0Yzy2', '1', '0000-00-00 00:00:00', 'West Domenick', 'French Polynesia', 'H', NULL, NULL, '0', 'Blanditiis ducimus autem vero at est. Id qui enim nulla voluptatem ut. Est est autem nemo est aut.', NULL),
(25, 'Bettye Jast', 'parisian.fabiola', 'rherzog@monahanmurray.biz', '$2y$10$Tm2d6me7rEQeNHIJ/xmo2ef2yxq2ThwAb7.yo8BYDiQYJcAAd52Ru', '1', '0000-00-00 00:00:00', 'North Jovaniton', 'Kuwait', 'H', NULL, NULL, '0', 'Nam sequi est cumque qui dolor nesciunt quia. Consequuntur quibusdam enim delectus inventore tempora alias sit architecto.', NULL),
(26, 'Miss Shany Schmidt', 'gideon48', 'howe.ashlee@feest.net', '$2y$10$cHz.sqGSBTG8gB55ULDTFeiAaszYSsIyCK2YhAIWXLql9gw72KL7G', '1', '0000-00-00 00:00:00', 'East Nasir', 'Italy', 'H', NULL, NULL, '1', 'Distinctio velit ut totam sunt vel expedita quia. Et voluptatum ea deleniti iure asperiores. Temporibus doloribus nostrum est enim officia doloremque aut aliquam.', NULL),
(27, 'Tania Anderson', 'cynthia26', 'zmetz@botsford.com', '$2y$10$SQE7v3mIGQHO9sMEeiqcEemtQJisQbdNYEORdclrG9MN5kC6yaXiO', '1', '0000-00-00 00:00:00', 'Lake Sibyl', 'Papua New Guinea', 'H', NULL, NULL, '1', 'Ipsam dolores aut nulla ut repudiandae qui mollitia. Est et error ut ea qui ut nihil magnam. Voluptatem quod sed unde ex necessitatibus sed dolore ipsam.', NULL),
(28, 'Dr. Jarret Lehner PhD', 'leola.hoppe', 'greichert@yahoo.com', '$2y$10$fKSHNjzl/0s8ERRF.76rn.PKPoUcnKkUW3Q.VExrDViNw1AqEUzXO', '1', '0000-00-00 00:00:00', 'Loismouth', 'Kuwait', 'H', NULL, NULL, '1', 'Nostrum magni laborum officia omnis vel in quia. Voluptates minus et voluptas omnis.', NULL),
(29, 'Mr. Reuben Kunze', 'miguel27', 'unique.lubowitz@west.com', '$2y$10$r0EX9d2.i6V5ZlrCSeyzneL2Ls/IzxDKfgzpb6E32Cvz9HM3qA8vS', '1', '0000-00-00 00:00:00', 'Osinskistad', 'Turks and Caicos Islands', 'F', NULL, NULL, '0', 'Dolorum aut veritatis laboriosam ut. Tempora cupiditate esse debitis asperiores. Fugit qui harum officiis odio nostrum culpa. Necessitatibus ut et est maxime aut.', NULL),
(30, 'Mrs. Lucile Connelly', 'swehner', 'ardella.schuppe@hotmail.com', '$2y$10$LpvWLZhVcSMevmTidMW64.gJFlskuB074kLYMJYZ6WpV7p4XpxhRO', '1', '0000-00-00 00:00:00', 'Koeppbury', 'Somalia', 'H', NULL, NULL, '0', 'Aut animi illum neque vel fugit quo. Maxime animi ex ipsum est quia. Voluptas iste voluptatem corporis ipsum asperiores ullam et. Qui omnis nam earum officia aut et.', NULL),
(31, 'Orland Deckow', 'torphy.angeline', 'enoch52@gmail.com', '$2y$10$c74eI0tiyPobt96uG0lFLOAFok5GwHaRdyo1Z8o5VqM3xTkxzo4Tm', '1', '0000-00-00 00:00:00', 'Florianshire', 'South Africa', 'H', NULL, NULL, '1', 'Aliquam et consequuntur natus quis modi odio modi. Nam est quis fuga minus sit laborum beatae. Consequatur odio reprehenderit inventore et esse. Reiciendis placeat porro sint totam sit praesentium.', NULL),
(32, 'Dock Tillman DVM', 'emmerich.lilliana', 'andres67@hotmail.com', '$2y$10$ym/vXIfqz.RYgui.Nf.9MeC/9o8XCWCkry7uiNfcL95pwmYafPYvy', '1', '0000-00-00 00:00:00', 'Josiannemouth', 'Romania', 'H', NULL, NULL, '1', 'Dolorem iure corporis alias voluptatum et maxime. Officiis consequatur et rerum. Aut ipsum iure qui dolores quod dolores.', NULL),
(33, 'Cathryn Shields', 'vicente.boehm', 'sheila.dach@gmail.com', '$2y$10$htIWSoB2WzwV/08Ucr1oveX8fnSq3Hlo5Aow4HS.rgjKDfWsnuSYq', '1', '0000-00-00 00:00:00', 'South Dannyside', 'Sudan', 'H', NULL, NULL, '0', 'Ipsum libero minus ut est. Veritatis eligendi sint eos eos dicta sequi consequatur. Nam sequi iure dolores qui. Consequuntur natus ullam dolorum optio sint corporis voluptatem.', NULL),
(34, 'Filiberto Wisoky', 'lockman.tiara', 'plubowitz@yahoo.com', '$2y$10$ZoAUDGyf2MggwzllUf75y.zmDOF6diG6BZ..CdnJcINDVk5kALdL.', '1', '0000-00-00 00:00:00', 'Noemiport', 'Papua New Guinea', 'F', NULL, NULL, '1', 'Pariatur maiores accusantium eveniet dolores eum rem quisquam voluptatem. At molestias sint et minima assumenda ipsa. Suscipit autem temporibus consectetur dolorum. Amet consequuntur et suscipit aut.', NULL),
(35, 'Roma Luettgen', 'dayana16', 'kuphal.wyatt@heaney.com', '$2y$10$vocWraDRVqoKiTjQqNwSF.BxCUcV/32c2p6qaCjt4je0RcMhZ8D3G', '1', '0000-00-00 00:00:00', 'Albaburgh', 'Hong Kong', 'H', NULL, NULL, '0', 'Nobis consectetur quas eaque perferendis eius doloribus reprehenderit hic. At tempora dolores autem cum nihil et quidem iste. Dicta sint impedit earum pariatur sunt. Quo amet omnis voluptatem dolor.', NULL),
(36, 'Albertha Reynolds IV', 'rosetta09', 'ahowell@yahoo.com', '$2y$10$Ws9Xw0gPXXIayqqs/2vYWeFGThCCNT9LQAIw6ICidIfmY.qJLOJ.O', '1', '0000-00-00 00:00:00', 'Laurenceport', 'Sao Tome and Principe', 'F', NULL, NULL, '0', 'Et nesciunt doloremque corporis voluptatem voluptatibus totam ad. Et ut nihil officiis debitis quia. Illum nobis nihil sed fugiat.', NULL),
(37, 'Precious Ritchie DDS', 'isaac67', 'wschumm@orn.info', '$2y$10$GQQIu.Uc9oB3muYbV2BpjeF0cR6H3gAsXeBZ1T3tY0FxRVHNZj8J2', '1', '0000-00-00 00:00:00', 'West Brook', 'Moldova', 'F', NULL, NULL, '1', 'Aliquam ea natus nostrum modi unde eius maxime. At esse laudantium qui. Qui temporibus dicta alias quasi. Hic quia a odit cumque voluptatibus.', NULL),
(38, 'Onie Towne', 'hillary.borer', 'maybell87@yahoo.com', '$2y$10$jmzYGpyXRQ6MH/JnFRBTjeIP7JPUyJudEq5lRUH4aovV7HJe7dp8W', '1', '0000-00-00 00:00:00', 'McDermottstad', 'Jamaica', 'F', NULL, NULL, '0', 'Aut itaque mollitia autem et repellat nemo. Deleniti eos quis qui sapiente nemo vel omnis.', NULL),
(39, 'Cleora Ziemann', 'carley30', 'sylvester.walker@sawayncruickshank.info', '$2y$10$sEkmy1czjeb.7IbhjN0KNe1bjmo/KUlc6wr0jSqxDK43P7m5uGErK', '1', '0000-00-00 00:00:00', 'South Lenora', 'Australia', 'H', NULL, NULL, '1', 'Culpa voluptatem consequuntur asperiores. Repellendus consectetur quia qui nulla. Praesentium recusandae qui dicta. Dolor est tempora aut nostrum non quia molestiae. Molestiae architecto facere numquam.', NULL),
(40, 'Angelo Lemke', 'ao''connell', 'kutch.herminio@yahoo.com', '$2y$10$imKM3Cc9R5lTd8CSkYyuNO19qFZ8hqd9t6KFuIsSYEgt66Jtrceca', '1', '0000-00-00 00:00:00', 'New Jacinto', 'Kuwait', 'F', NULL, NULL, '0', 'Esse et sequi vero quia deserunt id voluptas. Dicta eligendi aut molestias.', NULL),
(41, 'Maegan Stroman', 'arch50', 'qschumm@sengerkshlerin.com', '$2y$10$.giaC3LeYxK69llaS9RnDOmfI/vKs3UcLKDkG5kp0hnTQDTRoAJfW', '1', '0000-00-00 00:00:00', 'Lake Jeanie', 'British Indian Ocean Territory (Chagos Archipelago)', 'H', NULL, NULL, '0', 'In nemo et veniam blanditiis deserunt aut. Repudiandae et recusandae et harum. Numquam ducimus eos aut. Nemo voluptatem quo perspiciatis fuga voluptatem.', NULL),
(42, 'Tristian Senger', 'jpowlowski', 'dschumm@hotmail.com', '$2y$10$pA9yKtb9pf2SVe6FcrotYu5gM51mWMg3mNa59aNR5Kf1fnnpIN7ey', '1', '0000-00-00 00:00:00', 'Harberchester', 'Holy See (Vatican City State)', 'H', NULL, NULL, '1', 'Et consequatur et rerum distinctio et id. Facilis vel non provident quo qui. Eos voluptas a ab pariatur quas. Id consequatur ullam sapiente ut eum impedit.', NULL),
(43, 'Greta Bashirian', 'kaia.bins', 'rippin.halie@yahoo.com', '$2y$10$c7X95W7Pey11w2MPVGzzieEYXVxG..j6/IdHPnLamYVF.gCZ/sd2W', '1', '0000-00-00 00:00:00', 'South Joelle', 'Ukraine', 'H', NULL, NULL, '1', 'Quis aut ad temporibus quis nam et vel. Minus voluptatem suscipit ipsum totam nostrum explicabo culpa. Voluptate dolores id consequuntur soluta fuga exercitationem. Ut molestias est iusto accusamus iste non provident ea.', NULL),
(44, 'Ms. Effie Witting', 'gibson.loyce', 'evert.bechtelar@white.com', '$2y$10$QWAIGd7uoG3UhcH8AYu2Muuqt.C0AB/OoZR.Fa86Rp0tIu7q3yyGW', '1', '0000-00-00 00:00:00', 'North Augustinemouth', 'Nigeria', 'H', NULL, NULL, '0', 'Quae corrupti in consequuntur incidunt. Qui aliquam earum et consequuntur cupiditate quae. Fuga numquam et iste unde quo tenetur. Laboriosam voluptates ut vel.', NULL),
(45, 'Mr. Tyrel Schowalter', 'gorczany.wanda', 'kihn.bailee@yahoo.com', '$2y$10$sWl7mTKc/uyP8joym5xYgORngF/p.ReC2umHV4cW.zi2NihPLcSaO', '1', '0000-00-00 00:00:00', 'South Donna', 'Timor-Leste', 'H', NULL, NULL, '0', 'Veritatis ut consequatur neque et non voluptate cumque. Beatae ut expedita dolores aliquam omnis iste. Quis repellendus laudantium laborum et ex et nam.', NULL),
(46, 'Dr. Lindsay Mitchell I', 'moshe.stoltenberg', 'orland10@jacobs.biz', '$2y$10$yNMMYQFWcRO.BzQCSXsLfefbQq6gFkhZ5/23nKyrdZ.5UuK7XIiZ6', '1', '0000-00-00 00:00:00', 'Lake Al', 'Spain', 'F', NULL, NULL, '1', 'Dolores doloribus iure aut maiores. Ducimus quae qui qui et libero esse.', NULL),
(47, 'Zander Dietrich PhD', 'chodkiewicz', 'raymundo.douglas@hotmail.com', '$2y$10$nKN78bAbH2Jm9wHJ4QqjaeXRnJEKDCZD/314p2IyUThV05xRIHuay', '1', '0000-00-00 00:00:00', 'Aufderharchester', 'Bermuda', 'H', NULL, NULL, '0', 'Illo ad sit cum est illum placeat asperiores vero. Blanditiis sit porro harum necessitatibus laboriosam incidunt quod. Omnis modi aliquid asperiores et.', NULL),
(48, 'Richie Botsford', 'claude80', 'ulices97@lindaltenwerth.info', '$2y$10$JwBW4kL3ROOFejk5dqeX7uBGxiWkc594bsK9Fq8XGKDIdnbZ1UejS', '1', '0000-00-00 00:00:00', 'New Marina', 'Aruba', 'F', NULL, NULL, '0', 'Modi et amet sint consequatur nesciunt voluptate ut. Et sit vel occaecati ut voluptate. Delectus tempore doloremque eius maxime quos qui delectus. Corrupti dignissimos voluptatem iste expedita sit.', NULL),
(49, 'Sabryna Spinka', 'gbahringer', 'cconn@gmail.com', '$2y$10$F465YJV0LVBof2h7sr.cleHeXeZdrSVQPgEy1JipHCzocPJpsrOw6', '1', '0000-00-00 00:00:00', 'Roelport', 'Cote d''Ivoire', 'H', NULL, NULL, '1', 'Molestias ut voluptas officia. Ratione et minima nihil voluptatibus ducimus. Reiciendis earum fugiat architecto non voluptas nihil veritatis. Praesentium quos facere ut aperiam voluptate reiciendis debitis sapiente.', NULL),
(50, 'Miss Ayla Jenkins MD', 'milo.casper', 'hilpert.kyleigh@bogandietrich.com', '$2y$10$dIb6nzRw3vhSCE5cdtD3muTfVIQbS2xYrP3akoFff.iNBQlbiMgc.', '1', '0000-00-00 00:00:00', 'New Josuefurt', 'Bulgaria', 'H', NULL, NULL, '0', 'Et assumenda et quisquam quae qui. Veniam ut velit itaque autem corporis sunt eum est. Rerum qui molestiae totam delectus quaerat quam. Cum ab optio odio.', NULL),
(51, 'Mr. Raoul Monahan I', 'spinka.merritt', 'nienow.marjorie@gmail.com', '$2y$10$0BNry2qSrt4Kncti9ALc3eOQXPwy1OVyLmWlolIXggisldbtIhbb6', '1', '0000-00-00 00:00:00', 'Gaylordfort', 'Turkey', 'H', NULL, NULL, '0', 'Et modi non facere maiores quos sed est rerum. Sed porro numquam quos et est exercitationem officia. Nobis qui facilis voluptatem quis quis. Vero voluptatem est voluptas. Et quos ea in quibusdam vel et expedita.', NULL),
(52, 'Dr. Barney Volkman II', 'david67', 'feil.andrew@sauer.info', '$2y$10$pjoRvP9yq03PUrJwOgxMTevFPvIAIF14zfQMplKGYeLvnYTFhfXJO', '1', '0000-00-00 00:00:00', 'Andreport', 'Cameroon', 'H', NULL, NULL, '1', 'Iusto voluptates illo enim quia ut. Cupiditate tenetur impedit natus aut ipsa quisquam sunt aperiam. Reiciendis nostrum facere aperiam ullam qui harum.', NULL),
(53, 'Mr. Chandler Abbott', 'tom14', 'doyle91@hotmail.com', '$2y$10$Ug5shFvsbDteOdb2qcprReXx9ZrTW6CAzNMCWDaNrz0ZpQOMTIHW6', '1', '0000-00-00 00:00:00', 'West Idell', 'Micronesia', 'F', NULL, NULL, '1', 'Cupiditate dolorem perferendis est nemo qui. Vitae eos optio occaecati officiis reprehenderit cumque. Corrupti molestiae pariatur sit officiis est veniam.', NULL),
(54, 'Carli Fisher II', 'mohr.vivian', 'osinski.anastasia@yahoo.com', '$2y$10$DlJNc0bpBsex5mtlMRjqZ.KVA5uSQnRBnBO/TLQB.alAGk1wIRZgS', '1', '0000-00-00 00:00:00', 'Port Ophelia', 'Poland', 'F', NULL, NULL, '1', 'Ea qui saepe quia aut ut. Consequatur sunt voluptatem vel temporibus inventore. Et enim iusto distinctio.', NULL),
(55, 'Allan Heidenreich DDS', 'nikolaus.missouri', 'schmeler.erich@gmail.com', '$2y$10$tyYgUrpMsAherO8WsN5cb.1n29RRc.ZiJCEPy/Qer78F/Oa/E6/ie', '1', '0000-00-00 00:00:00', 'Mohamedmouth', 'Portugal', 'F', NULL, NULL, '1', 'Quasi ratione molestias autem et. Ratione nihil laboriosam et sapiente libero. Non omnis consequatur voluptas rerum in qui omnis. Voluptatem ipsam voluptate ut ut incidunt aut hic eos.', NULL),
(56, 'Seth Nikolaus', 'king.damaris', 'qmurazik@gmail.com', '$2y$10$XHmivQwUJC5gS3FVcOuEme3gY3KNS2lSXSOBu1xVIPvhV2vZtw8mS', '1', '0000-00-00 00:00:00', 'East Angelina', 'Latvia', 'F', NULL, NULL, '1', 'Nobis a qui incidunt enim in distinctio id. Similique aut beatae odit atque facere. Quisquam officiis libero eum est eos quia. Voluptatem quia maiores eveniet ex et illum.', NULL),
(57, 'Americo Rutherford', 'eliza.huel', 'dayton.hirthe@hotmail.com', '$2y$10$Q8qNcDjwMcZMmD7y2XYy4.buQmNToubfEk6rBcaNCHpPnEW704uSm', '1', '0000-00-00 00:00:00', 'West Arden', 'Sierra Leone', 'H', NULL, NULL, '0', 'Dolores non officia non repellendus tempora. Eaque natus voluptas vel. Quidem non sit maiores.', NULL),
(58, 'Isadore Stroman', 'towne.leda', 'carmelo81@gmail.com', '$2y$10$hujoOx4M/limaphmpfYukuUcaLzA5Lsbs3mSMESLboXaBlGKScKE2', '1', '0000-00-00 00:00:00', 'Reggieton', 'Barbados', 'H', NULL, NULL, '1', 'Earum neque perspiciatis aut voluptatum unde. Quidem facere rerum quia quia tempora dignissimos consequatur. Voluptate facere repellat facilis quibusdam. Ipsam impedit ratione consequatur sunt perferendis corporis. Voluptatum odio accusamus quo quia non qui.', NULL),
(59, 'Rashawn Trantow', 'hollis76', 'christ30@grahamstamm.com', '$2y$10$oobaHkdH34ZUlSf9s6kVu..2kVy9BDXWszjtpVyc.OCOeijXmZp92', '1', '0000-00-00 00:00:00', 'Nyahfurt', 'Macedonia', 'F', NULL, NULL, '0', 'Cum iure autem deleniti ut rerum dolores perspiciatis. Perferendis quia tempora quaerat itaque quia. Mollitia voluptas nam facere quaerat.', NULL),
(60, 'Cara Hauck', 'augusta.ullrich', 'frederique.gerlach@stroman.biz', '$2y$10$hvY.jPUzDeQu/EGVIZnz1.2nWjQApEOms0r3z8OFdBXNyWqJ4yDAG', '1', '0000-00-00 00:00:00', 'Boganburgh', 'Bolivia', 'H', NULL, NULL, '1', 'Non totam a blanditiis cum doloribus provident. Quod fugiat officia consectetur asperiores quia animi itaque laboriosam. Iste aut odit sit unde quia aliquam voluptatem. Recusandae exercitationem non id recusandae.', NULL),
(61, 'Garland Bode', 'cyril69', 'matt47@watsica.com', '$2y$10$cJJCIgPIpUrS6GWDtSHR3ObUs5n/ALJZtT5RW2J0mziB9bh8faSwu', '1', '0000-00-00 00:00:00', 'Madilynfurt', 'Ethiopia', 'F', NULL, NULL, '1', 'Non quia voluptatum repellat rerum neque aut suscipit. Dolorem molestias repellendus debitis expedita. Cupiditate laboriosam doloribus enim et quia.', NULL),
(62, 'Jean Schiller', 'rudy66', 'gusikowski.kailey@oconnell.com', '$2y$10$sIwgNCost1G.3MqrkcFdBug3B18Qv.lVlQP0ENzj28vRUG9wVZdNi', '1', '0000-00-00 00:00:00', 'North Daisy', 'Falkland Islands (Malvinas)', 'H', NULL, NULL, '0', 'Et quia sed voluptas et sequi doloremque. Exercitationem quia quo rerum culpa dolor rem est. Ullam sequi ad magni iure quod magni. Numquam deleniti quidem est quisquam.', NULL),
(63, 'Johnpaul Tillman MD', 'zhackett', 'domenic32@hotmail.com', '$2y$10$3j/3q9KPzbAYGuUUrznVbefEE2dY14dOidTXwaD1SBwYTAaERweOm', '1', '0000-00-00 00:00:00', 'South Eugenia', 'Tonga', 'F', NULL, NULL, '1', 'Atque quasi ipsa voluptatum id harum itaque ipsam. Est in iusto eos qui qui sed. Nobis voluptatem corporis culpa aliquid.', NULL),
(64, 'Brennon Collins DVM', 'hartmann.rosamond', 'abdullah.greenholt@gmail.com', '$2y$10$4Gj8SJ7KKaw98rp3pl2BN.rYrsXL9tSTDCpB/dWqc5nt7AmhOfa2y', '1', '0000-00-00 00:00:00', 'North Dejon', 'Trinidad and Tobago', 'H', NULL, NULL, '0', 'Atque rerum delectus id consequatur nam optio dolorum. Vero consequatur necessitatibus unde. Officiis voluptatem non itaque molestiae atque.', NULL),
(65, 'Trenton Jacobs IV', 'clemmie05', 'silas.lemke@yahoo.com', '$2y$10$AUOYTZlx9OHKUvnPnim3Cu9celUOTW3cWVVl0rRU39Tqyk3aidxVy', '1', '0000-00-00 00:00:00', 'South Stefanchester', 'Sri Lanka', 'F', NULL, NULL, '1', 'Consequuntur tempora aut molestiae animi eius quasi velit. Alias eos minus et aut. Placeat id qui a eveniet architecto commodi.', NULL),
(66, 'Hugh Koepp', 'dulce28', 'tcarter@stoltenbergmccullough.com', '$2y$10$mIckk0D07/Vi2tPTtvZ6lu1fEN.IADgiY.8kHOsJt44Wt6DCAeP.u', '1', '0000-00-00 00:00:00', 'Jonathanchester', 'Iran', 'H', NULL, NULL, '0', 'Doloribus quas et necessitatibus asperiores. Dolor animi non voluptas repellendus. Aliquam in aspernatur consequatur molestiae consequatur totam praesentium.', NULL),
(67, 'Dena Dare Sr.', 'xbins', 'norval.marks@macejkovicsteuber.com', '$2y$10$uJkCDYZImCXdTc1Ma7iKMuNv.s6Z2CY04x/gd6u34gcgmJEQQJuB.', '1', '0000-00-00 00:00:00', 'Zoestad', 'Rwanda', 'H', NULL, NULL, '0', 'Dolorem sint rem officiis debitis unde similique. Eligendi dolorem vel provident rem fugiat velit. Voluptas quis ut eius labore totam totam enim.', NULL),
(68, 'Una Jacobson', 'toni.mcdermott', 'beatty.chelsey@hotmail.com', '$2y$10$E62kmzgaoj881DBry8wS0OWx3dTmoUZ1Jz9v04HbbsnzDWZZ6n4b6', '1', '0000-00-00 00:00:00', 'Daphneview', 'Croatia', 'F', NULL, NULL, '1', 'Saepe fugit maxime et. Quas aperiam hic et doloribus tenetur magnam. Nobis laudantium reprehenderit est possimus. Voluptatem impedit vero consequatur voluptas amet.', NULL),
(69, 'Camren Moore II', 'effertz.markus', 'kcartwright@hotmail.com', '$2y$10$xQvVjCx3Ff5ucyJJF9Msmurs/Se1uApEb/L4mO0fmlg1hBW0OVkFq', '1', '0000-00-00 00:00:00', 'South Nicklaushaven', 'Tanzania', 'H', NULL, NULL, '0', 'Voluptate commodi dolores repudiandae ut voluptas eius odio. Omnis ut nulla sunt sequi totam iure. Aut nostrum odit facere qui laudantium rerum non tenetur. Perferendis eum asperiores non est ducimus.', NULL),
(70, 'Lonny Klein', 'bradly.daugherty', 'rahsaan.graham@jast.com', '$2y$10$uDt2eVGW0JblO0riRB/Lf.ajl771E92pdLef5JAiCKgsxu9wmU6De', '1', '0000-00-00 00:00:00', 'Watsicafurt', 'Aruba', 'F', NULL, NULL, '1', 'Ut a occaecati nostrum quo quaerat magnam. Odio non quaerat et dolores expedita. Est a minus voluptas.', NULL),
(71, 'Kadin Durgan IV', 'hreinger', 'dkoelpin@yahoo.com', '$2y$10$wK9WY4ZNCss.Ty0ycB7PF.IfLdjgmSEZ5oa35RELkJJFzD.HweQIS', '1', '0000-00-00 00:00:00', 'Rohantown', 'Wallis and Futuna', 'H', NULL, NULL, '0', 'Libero veritatis aut facilis sed incidunt officiis. Deleniti eveniet sint in vel amet reprehenderit voluptas. Et et et nihil similique vitae.', NULL),
(72, 'Estefania Cartwright', 'jkuhlman', 'granville.hagenes@powlowskikonopelski.net', '$2y$10$PEhxBnRnb983DAtDK0qWdO79Duoyf32q/is1HfxQMumkXWnsMfx2u', '1', '0000-00-00 00:00:00', 'New Eleonore', 'Cape Verde', 'F', NULL, NULL, '1', 'Aut ut aliquid omnis. Sit minima ab quae provident. Quo iste maxime atque.', NULL),
(73, 'Prof. Marian Fritsch', 'dtorp', 'nitzsche.earl@gutkowskitorp.com', '$2y$10$KF0anO2oem9BOFAX.buI4ux1jd9GqKCvnV2VlGeyT8EWXjXNVCRLO', '1', '0000-00-00 00:00:00', 'Christamouth', 'Georgia', 'H', NULL, NULL, '1', 'Fugit praesentium ratione asperiores sed qui rem hic. Nesciunt ut optio quia dolore dolorum. Unde iste et voluptas omnis possimus dolorum.', NULL),
(74, 'Miss Ruthie Paucek PhD', 'phalvorson', 'alek.runte@vandervortkutch.com', '$2y$10$wutOATp.sgMknYdG6MN7bupoWwZuc.9HBF5Va3OWncgDz6sOGtm1O', '1', '0000-00-00 00:00:00', 'Port Tony', 'Niue', 'H', NULL, NULL, '0', 'Maiores magni qui et nobis impedit voluptatem incidunt. Autem veritatis voluptatibus ut nulla quibusdam pariatur adipisci. Et non consequuntur inventore rerum est voluptas.', NULL),
(75, 'Earline Lockman', 'vgutkowski', 'lewis.hessel@hilpertchristiansen.net', '$2y$10$nOIfzKJWCEFZ.JSDWT40CeKTWx0rWDSt57RSWaVuV2/fYDGujjBBC', '1', '0000-00-00 00:00:00', 'Ornberg', 'Tokelau', 'H', NULL, NULL, '0', 'Fugit sapiente ratione maiores dolore est laboriosam. Suscipit dolorem facere enim odit nihil aliquam et deserunt. Molestiae est maxime laudantium possimus adipisci iure eligendi. Est alias et deleniti. Dignissimos dolore totam molestiae dolores sed beatae.', NULL),
(76, 'Esperanza Connelly III', 'roselyn59', 'jakayla24@hotmail.com', '$2y$10$Nl8.eIcNc.Ylcm2O1uPJo.AQ.NrxDaAdXyqgO4Yy3Z3hhrO/3SJ8m', '1', '0000-00-00 00:00:00', 'South Alden', 'Cape Verde', 'F', NULL, NULL, '1', 'Quod similique saepe cupiditate aut deserunt beatae ex. Consequuntur quia nihil esse maiores id labore. Nesciunt est nisi et ratione omnis enim. Enim amet porro id optio architecto quia exercitationem.', NULL),
(77, 'Wilfredo Paucek', 'bolson', 'virginie.thompson@waelchi.org', '$2y$10$Vembid4SfzFuSQxl/2WiEuX1R13sVprL/adzz5Fi5iSZ3h.WhN.j.', '1', '0000-00-00 00:00:00', 'Port Sheridan', 'Cambodia', 'H', NULL, NULL, '1', 'Voluptatum dolorem sapiente sunt corrupti non. Molestiae assumenda vel dolor quaerat qui officia. Quia quidem voluptatum doloribus facere voluptates aut.', NULL),
(78, 'Dr. Murray Berge', 'olind', 'qdare@yahoo.com', '$2y$10$BYNUJqREAbH/e4o8.6En1OZZTFnPZcrHGcFrafRXjEHCz46nDodIi', '1', '0000-00-00 00:00:00', 'West Reggieberg', 'Burundi', 'H', NULL, NULL, '1', 'Et dolores quidem ad quibusdam quas at. Earum ducimus saepe aut quod aut. Vitae quas in officiis porro eius. Tenetur voluptatem deleniti hic enim ea ut.', NULL),
(79, 'Jean O''Hara', 'maxie.windler', 'randall.hermiston@hotmail.com', '$2y$10$BCZlErv3Yy0u4Z8DDDYjZuYqR6Mk92k17G3rz6WIksDJpAwTh/dJq', '1', '0000-00-00 00:00:00', 'East Reedland', 'Taiwan', 'H', NULL, NULL, '1', 'Dignissimos qui accusantium doloribus quibusdam molestiae. Enim eveniet eum esse qui.', NULL),
(80, 'Mr. Abner Stehr', 'ziemann.kassandra', 'clotilde37@willms.com', '$2y$10$jOhRd5NG1TOFnkjoU3As2.23xmE.lBq07pG/ifV5KXTZbFygAzL2K', '1', '0000-00-00 00:00:00', 'Lake Freddieville', 'Cocos (Keeling) Islands', 'H', NULL, NULL, '1', 'Quaerat incidunt ullam est dolores rerum ratione quasi. Reiciendis molestiae sed nihil cupiditate alias quos. Ut recusandae suscipit in autem.', NULL),
(81, 'Nettie Mueller', 'smith.patience', 'joelle.weber@pouros.com', '$2y$10$oxYri5VIu7Dqcmblk.1SHOSxQXhVGWKpxAj3BuLA8hk143CgxTX/u', '1', '0000-00-00 00:00:00', 'Alvahfort', 'Myanmar', 'H', NULL, NULL, '1', 'Maxime vel aliquam aspernatur qui eaque et. Dolores voluptas ut enim enim exercitationem blanditiis tempore officia. Voluptas voluptatem dolor iste perspiciatis ad assumenda nihil.', NULL),
(82, 'Jasen Bashirian', 'halvorson.sterling', 'estamm@berge.com', '$2y$10$O8YSBceMYzwqhiDEy2ITYe48zUs9h1ZpnfHq.Vfj4nkyRWdV1wUve', '1', '0000-00-00 00:00:00', 'Durganborough', 'Albania', 'F', NULL, NULL, '0', 'Officia accusamus quibusdam et eum. Aut reiciendis debitis quia velit neque consequuntur. Eum est voluptas expedita temporibus ut adipisci. Quis esse et totam.', NULL),
(83, 'Willow Bernier', 'nfeest', 'athena77@macejkovic.com', '$2y$10$.eNdTunxg5mKCgPYRNoncuvkQZ0OouVt/zU.pyqL.Zmgz/Vb4gDPS', '1', '0000-00-00 00:00:00', 'West Trycia', 'Australia', 'F', NULL, NULL, '0', 'Minus tempore earum aut assumenda porro ut enim quis. Ut et voluptas neque odit at. Pariatur et eos officiis tenetur sint voluptatibus eligendi nobis.', NULL),
(84, 'Creola Funk', 'kris.jake', 'angie.schmidt@ziemann.com', '$2y$10$6xc0hDVBkfofgysY5jKNSeK89bEqmiY1DrOwAllN8gNsS4212T.gq', '1', '0000-00-00 00:00:00', 'Herbertview', 'New Zealand', 'H', NULL, NULL, '0', 'Beatae consequatur quo cum enim a recusandae assumenda dolore. Vero sed veritatis quas et quas illo. Asperiores quis corporis consequatur impedit. Est alias qui illum architecto odit eveniet.', NULL),
(85, 'Whitney Luettgen', 'elbert48', 'karianne09@gmail.com', '$2y$10$10v7xXSukOGTAVqwdw80gemghvlXxz22nIwJqPbbY81Jd3EJnQwvy', '1', '0000-00-00 00:00:00', 'Kohlermouth', 'Barbados', 'F', NULL, NULL, '0', 'Perspiciatis in voluptas numquam beatae. Dolorum asperiores laboriosam suscipit accusamus aut velit. Incidunt velit doloribus quisquam labore est. Aliquid expedita cum dolorem est.', NULL),
(86, 'Immanuel Kutch', 'corkery.vanessa', 'ward.leopoldo@hermancorwin.org', '$2y$10$RVBBM8CULmynNjdDtGa.KebHQIquMV1IK1Y6hNdoP3PHR4nA58PHG', '1', '0000-00-00 00:00:00', 'Marquardtshire', 'Marshall Islands', 'H', NULL, NULL, '1', 'Rerum facere qui accusamus similique quisquam architecto. Molestias reprehenderit architecto non inventore et eius ut. Voluptatibus veniam quis laboriosam.', NULL),
(87, 'Alessandro Marquardt IV', 'akozey', 'fruecker@thielstreich.biz', '$2y$10$ymG6j2b7xS/tcGcp8yLvXeWd063wR1pQWbCARcHdu4s6zbeVSDnYi', '1', '0000-00-00 00:00:00', 'Barrowsfurt', 'Jamaica', 'F', NULL, NULL, '1', 'Ea ipsum doloribus quibusdam omnis consectetur accusamus nihil. Maiores dolor sed vel. Voluptatem aperiam est illum omnis qui aliquid.', NULL),
(88, 'Bianka Maggio', 'jsatterfield', 'gus67@gmail.com', '$2y$10$HVv8tbwTIedYF4rsKRfPkOWsEIiHddN9BU1XKvviShslRyl8too62', '1', '0000-00-00 00:00:00', 'West Marioview', 'Togo', 'H', NULL, NULL, '1', 'Consectetur nostrum qui eveniet voluptatem harum harum iusto. Amet neque incidunt ut atque accusamus. Quia aut ducimus dolor reiciendis saepe. Veniam cum odit expedita. Sed esse molestiae odio velit quis sint.', NULL),
(89, 'London Zemlak', 'cara51', 'vmonahan@gmail.com', '$2y$10$xU8vqIbl3G0xO6D9KOoMNu3k0YdDMIX5C1pGBMcKtSW9lT51b9bDe', '1', '0000-00-00 00:00:00', 'Lake Raeview', 'Turkmenistan', 'F', NULL, NULL, '1', 'Qui maxime quia culpa illo pariatur ut repellendus. Ea repellendus qui et quaerat similique quis. Porro porro quia consectetur alias culpa tempora eligendi. Ut aperiam commodi distinctio eos.', NULL),
(90, 'Norwood McLaughlin III', 'clay.kuphal', 'hand.rodrick@gmail.com', '$2y$10$Ri/ux1fkSM6dV74kcdvCkuq008LI/a2P2cxNg62tmmL1q7.1PyJz6', '1', '0000-00-00 00:00:00', 'West Vivianetown', 'El Salvador', 'F', NULL, NULL, '0', 'Vitae quibusdam voluptatem eius amet cum excepturi consequatur. Omnis rerum eveniet dolorum maiores. Pariatur commodi qui consequatur velit tempore.', NULL),
(91, 'Darryl Carter', 'berneice.o''kon', 'fadel.cecilia@klockostamm.com', '$2y$10$TBsI59Ild6tQXlS6cmOgZO9MBbvX9hkohLvFPJJMWWSVaw0eb/nVi', '1', '0000-00-00 00:00:00', 'Shermanberg', 'Cayman Islands', 'F', NULL, NULL, '1', 'A itaque sunt quibusdam consectetur. Est blanditiis consequatur provident debitis ut voluptatem odit. Vel incidunt explicabo sunt natus modi magni.', NULL),
(92, 'Dr. Willard Cummerata', 'xlindgren', 'mollie.harris@yahoo.com', '$2y$10$Bb7qj4HNXm.NrnO/xrCmBOnrbMcBhpqi7veev4CEfLSPIadzkxaqi', '1', '0000-00-00 00:00:00', 'Gisselletown', 'Papua New Guinea', 'F', NULL, NULL, '1', 'Ut nihil ea expedita ex aut quaerat. Eos alias magnam praesentium aspernatur aliquam aperiam molestiae. Aut consequatur in expedita perferendis est quia. Ut et enim quidem deserunt eveniet.', NULL),
(93, 'Roselyn Boyer III', 'jordane78', 'tod57@gottlieb.info', '$2y$10$O884GIb305l6BsKMG8NiL.CDgfURMqC1XQtvAHF1D5bhJRASGzKzK', '1', '0000-00-00 00:00:00', 'Port Kayden', 'Korea', 'H', NULL, NULL, '0', 'Non omnis et in aliquam maxime rem soluta. Velit labore omnis et sed quae. Quia tempora reiciendis eum eligendi dolorem. Vel et laudantium ipsam eos expedita.', NULL),
(94, 'Ms. Felipa Dicki Sr.', 'kthompson', 'akoelpin@yahoo.com', '$2y$10$yXZGYgIFlmR2N0MXI12V7.oLuJ/LDosTZXyDQIxmcBtqINhuiRGSG', '1', '0000-00-00 00:00:00', 'South Waino', 'Mauritius', 'H', NULL, NULL, '1', 'Et nemo est dolor quod id qui quasi eum. Incidunt velit magnam aut quasi quo aut provident. Maxime ullam est magnam asperiores delectus quia. Et beatae rem aliquid placeat reprehenderit magnam iusto.', NULL),
(95, 'Eino Brekke', 'mitchell.verla', 'celestino20@dibbertdoyle.biz', '$2y$10$I245.zP./d7Ke1ie268mju5OMyfwWj4kiMkS0er0G1b2wNR5l2Kjq', '1', '0000-00-00 00:00:00', 'Howehaven', 'Cameroon', 'H', NULL, NULL, '1', 'Dolores id temporibus sunt porro iusto. Dolorem in et placeat totam. Temporibus sunt praesentium quos in ut modi aperiam error. Unde beatae saepe odio cumque odit.', NULL),
(96, 'Christiana Nienow', 'daniel.saul', 'audreanne97@gmail.com', '$2y$10$AztQOGjIFfgcM0zi0x8U..5ioyNNT87GQAkUjx3Q1lCYbTioRr92y', '1', '0000-00-00 00:00:00', 'East Mateo', 'Sierra Leone', 'F', NULL, NULL, '0', 'Rerum qui illum corporis explicabo sunt consectetur. Sint aut a enim sed rerum et esse. Aut odio error ea voluptates facere est deleniti. Quia quidem quia sit commodi commodi aut voluptatem. Ut in asperiores quis vitae.', NULL),
(97, 'Mr. Anibal Gleichner', 'tmarks', 'grobel@hotmail.com', '$2y$10$GHtv0Ur8rvsYQTRV8a1L1uTewlw7301FqqPpkqYEIRva3iSiwFuX2', '1', '0000-00-00 00:00:00', 'Padbergmouth', 'Cote d''Ivoire', 'H', NULL, NULL, '1', 'Ipsum aut qui aliquam ea soluta tempora rerum quae. Autem sed architecto nisi laborum. Accusamus qui nulla aliquid fugiat tempore ut.', NULL),
(98, 'Genesis Huels', 'jacinto22', 'leopoldo.baumbach@gmail.com', '$2y$10$EmqYNmla6u0b7IsAY/hauuUR/8rvQlxaIAyuppXtJwjJ6niBDDKXO', '1', '0000-00-00 00:00:00', 'East Rahsaanborough', 'Peru', 'H', NULL, NULL, '0', 'Ut fuga suscipit qui aut cupiditate. Voluptas quam impedit corporis corporis quia et cupiditate. Quam in necessitatibus reiciendis totam adipisci nulla. Assumenda hic ratione commodi quis in aut dignissimos.', NULL),
(99, 'Mr. Wilfredo Harvey', 'lreichel', 'altenwerth.melvin@monahan.com', '$2y$10$LfUL7g3D46SVEvRpDveiTuhUGOi3vSFqkHDcVm8OXdshbsZ6HExTi', '1', '0000-00-00 00:00:00', 'Port Anahi', 'Moldova', 'F', NULL, NULL, '1', 'Ut tempore iusto fugit. Qui dolor et sint sed ipsa.', NULL),
(100, 'Ceasar White', 'bo.padberg', 'caroline54@yahoo.com', '$2y$10$GsVCFSwadVxs6jkPUt4zcOFhT3YKKMQg9Hmn2apSY9Mvr4SC/r71G', '1', '0000-00-00 00:00:00', 'Maverickborough', 'Spain', 'F', NULL, NULL, '1', 'Et at nemo officia. Laudantium vel cumque omnis consequatur officia asperiores aspernatur temporibus.', NULL),
(101, 'Prof. Valentine Gutmann', 'cindy.lemke', 'dangelo.mann@yahoo.com', '$2y$10$oXD82jBcizPS0PDl7fGFzOQfaPpEkxHVlTUtoZtFO4j4CR455HI/m', '1', '0000-00-00 00:00:00', 'North Jeremie', 'Papua New Guinea', 'H', NULL, NULL, '0', 'Ullam fugiat quod esse quam. Dolore odit est nobis earum dolore. In dicta suscipit ut.', NULL),
(102, 'Mrs. Carlotta Ratke', 'ogrant', 'hmorissette@hegmann.com', '$2y$10$IIrN1Vkg4jRQYQ8WupnZN.7IeTzXP3z6S.fS4FhOEeDBuC3fC2oWm', '1', '0000-00-00 00:00:00', 'Eusebiotown', 'Bouvet Island (Bouvetoya)', 'F', NULL, NULL, '0', 'Dolores autem voluptatem officia ut laborum impedit. Voluptate ea nostrum id illo qui vel ut beatae. Officiis enim possimus atque illo velit autem possimus et. Dicta nostrum corporis excepturi repellendus aut voluptatem et provident. Eius deleniti neque totam est sapiente voluptatibus.', NULL),
(103, 'Kasey Ruecker', 'lulu.stiedemann', 'nico46@gmail.com', '$2y$10$ZwupLRgBdZ2Ko99hROzev.5CIfEnS42lAvvApnvP2qWae85ONfNzm', '1', '0000-00-00 00:00:00', 'West Vivienne', 'Micronesia', 'H', NULL, NULL, '1', 'Necessitatibus ut labore autem voluptatem ut. Exercitationem aut molestiae expedita nisi sit illo quidem. Ut neque laborum minus vitae aliquam. Velit qui beatae fugiat nesciunt sed. Rerum nihil quia dolor sed eveniet ut architecto.', NULL),
(104, 'Leopold Macejkovic', 'kuhn.mitchell', 'concepcion.maggio@hotmail.com', '$2y$10$jxJ1OU5kj6x0eJN3eNIxqeLTAbK0KzoXkyIZfbdzglEs4qpeA34l6', '1', '0000-00-00 00:00:00', 'West Melba', 'United States of America', 'H', NULL, NULL, '1', 'Nemo aliquam ipsum odio non et voluptatibus enim aut. Velit consequuntur doloremque consequatur qui vel eum sit. Hic et et omnis officiis. Corporis nesciunt molestiae est magni necessitatibus.', NULL),
(105, 'Dr. Aletha Jaskolski', 'jody.schultz', 'aufderhar.rylee@halvorson.org', '$2y$10$oPio5seVOaiRvp3shym./.f9BYh36fIpSe5isz5mbPnQc7/3N56pK', '1', '0000-00-00 00:00:00', 'Starkland', 'Kenya', 'F', NULL, NULL, '0', 'Aut alias dolor dolores qui. At ullam sit quasi et. Provident voluptates id tempora similique ut.', NULL),
(106, 'Ms. Claudie Cremin', 'rmann', 'hkuhic@klocko.org', '$2y$10$hpZoa339r2u60N//2KivveuV7kjBPFuZbudG39yxkZq8V1Q5lpsq6', '1', '0000-00-00 00:00:00', 'Darefort', 'British Indian Ocean Territory (Chagos Archipelago)', 'H', NULL, NULL, '0', 'Delectus qui eligendi ut non. Doloribus qui dolor consequuntur ut facere. Ipsa adipisci voluptas sit. Animi atque quis sit aut quibusdam.', NULL),
(107, 'Nestor White', 'schiller.rey', 'elta.huel@yahoo.com', '$2y$10$lHiyUjLzlG51NmnqFP/u/.otHIW6UrSLa/nF.tmVlGT1E4gpTKo0y', '1', '0000-00-00 00:00:00', 'South Nedraland', 'Martinique', 'H', NULL, NULL, '1', 'Voluptates quaerat praesentium quia enim sint mollitia. Harum eligendi ducimus deserunt inventore et est ab. Et dolore rerum sit. Exercitationem cumque beatae et.', NULL),
(108, 'Jess VonRueden Jr.', 'corkery.joel', 'josefina.mueller@yahoo.com', '$2y$10$C9ruslCj4aw/FXSkN64a7uYYjRVE8yQCnwRQpK9QU8ihoQUHQE752', '1', '0000-00-00 00:00:00', 'Jettiehaven', 'Heard Island and McDonald Islands', 'H', NULL, NULL, '1', 'Quis non minima maxime vel ad dolorum. Quo similique id voluptas. Et aut et labore quos rerum vel.', NULL),
(109, 'Noelia Brekke', 'kylie.emmerich', 'alverta17@gmail.com', '$2y$10$MhZwtWd7mpnrUe2TpvlRBOBCs4osWNqd.MJOWpkDFogL5Wswm0h/W', '1', '0000-00-00 00:00:00', 'East Berenicebury', 'Suriname', 'H', NULL, NULL, '1', 'Maiores voluptatibus quasi alias totam doloribus molestias recusandae. Eius deserunt autem amet. Tempore cupiditate suscipit repudiandae excepturi assumenda ducimus velit.', NULL),
(110, 'Maximillia Streich', 'violet52', 'deborah.torphy@rodriguez.com', '$2y$10$VzZdl6mR4X/PeAOLjz8b3eNnKrH0aMlctVvG3/lRjd3Bj9hh1kp62', '1', '0000-00-00 00:00:00', 'Rossbury', 'Canada', 'H', NULL, NULL, '1', 'Ab necessitatibus autem adipisci accusantium voluptas libero. Iste voluptatem facilis porro sint. Repudiandae voluptatem est impedit rem nobis aliquid placeat. Ea aliquam quis aperiam ut dolorem nemo illo odit.', NULL),
(111, 'Charlene Veum MD', 'icie68', 'vkeeling@steuberpouros.com', '$2y$10$9yz4kqgY6deKGSHCR4cqCeWAB48345z6zWKm4a5sZ6g4.lGnRkC0y', '1', '0000-00-00 00:00:00', 'Beerstad', 'Israel', 'H', NULL, NULL, '1', 'Dolorem quia enim ipsam. Vel animi reprehenderit ratione sint dolorum praesentium velit. Velit eos architecto tempora perferendis sed aut rerum vitae.', NULL),
(112, 'Charles Funk PhD', 'jerald.boyer', 'qstark@wizaeichmann.com', '$2y$10$lK5if/mnaSEfRqsBolDu4eo.9ZWZ2bcp.MnxOJqzHL6KFtRCaA.eG', '1', '0000-00-00 00:00:00', 'South Braden', 'Christmas Island', 'H', NULL, NULL, '0', 'Voluptas cumque rerum rerum et nihil error. Maxime qui beatae id porro minus. Voluptas dolore veritatis sunt qui a nostrum voluptas. Odit tempore molestias sint nostrum veritatis facilis.', NULL),
(113, 'Amara Hilpert MD', 'uwilliamson', 'genesis.gutmann@gmail.com', '$2y$10$j56hzUhTsGR7NbjSRYUtqu2SGkKomReqsk5edmdKH2Wv6aGZ9sBQW', '1', '0000-00-00 00:00:00', 'Port Zulaland', 'Paraguay', 'H', NULL, NULL, '0', 'Numquam illo perferendis dolor maxime ipsum repellendus et. Occaecati voluptas aut deleniti. Repudiandae in molestiae suscipit rem dolorum quasi voluptatem quia.', NULL),
(114, 'Amaya Mertz', 'herman.quinn', 'sabryna98@konopelski.com', '$2y$10$urwHH4WPN5ANcaKJPCYJ5.fo1kNnVPHWjV4eP8PQPlpI8gwrgw4Im', '1', '0000-00-00 00:00:00', 'Macyburgh', 'Senegal', 'H', NULL, NULL, '0', 'Et temporibus totam ut itaque veniam qui maiores. Excepturi ea voluptas quod autem et. Provident qui voluptas blanditiis similique. Reiciendis ut molestiae non ut autem natus.', NULL),
(115, 'Miss Oma Tremblay IV', 'schoen.chanelle', 'zmacejkovic@yahoo.com', '$2y$10$OjLvn9aA226xSQA6S4MadOGjpScoWwlQTw23DWkS8luc/oUHkbk56', '1', '0000-00-00 00:00:00', 'Bartellshire', 'Saint Pierre and Miquelon', 'H', NULL, NULL, '0', 'Officia dolor temporibus atque consequatur necessitatibus aut. Deserunt provident et nam dolorum et omnis et. Quia aut quis perspiciatis. Fuga ipsa voluptas tempora sit eligendi molestias.', NULL),
(116, 'Robb Lakin', 'hansen.elizabeth', 'clemmie.boyer@labadie.org', '$2y$10$1N9l8sQ6/N0N26LzRW3HJeGVhvJZPWR1YmpQYB7ypSEwyiVKmOE3O', '1', '0000-00-00 00:00:00', 'North Meggieport', 'Madagascar', 'H', NULL, NULL, '1', 'Aut sed sed fugiat officiis rem ullam. Ipsum explicabo architecto est illo.', NULL),
(117, 'Christy Brown', 'kuhn.kole', 'swaniawski.liam@yahoo.com', '$2y$10$NSSknIVPquPs8IhsX87mmOWw3tQqRNlVNAh3GCtIXQeRIpcXDVL.O', '1', '0000-00-00 00:00:00', 'Kayleighside', 'Martinique', 'H', NULL, NULL, '0', 'In deleniti incidunt expedita molestiae ex animi. Totam itaque eaque voluptates sed. Vero vel dignissimos consequatur explicabo iusto sit ex.', NULL),
(118, 'Kennedi Shields III', 'ora.lynch', 'kenyatta36@hotmail.com', '$2y$10$IzukTm/QnFvGhI.yTX8ibu.XFPkBuTbaEVZw.3l6JKc76KL52zsFu', '1', '0000-00-00 00:00:00', 'Romagueraton', 'Zimbabwe', 'H', NULL, NULL, '0', 'Debitis vitae voluptatibus voluptatibus exercitationem harum sit. Voluptas quod nobis corporis architecto soluta minima voluptatem quis. Repudiandae quia facere dolore ut quia suscipit numquam fugiat. Magni sapiente doloribus porro eum. Accusantium minus explicabo eveniet quia ea.', NULL),
(119, 'Prof. Marcelle Ortiz V', 'rlakin', 'roob.graham@mertz.com', '$2y$10$MKr/tupeGILkeiIjZXHgf.8fN7EG1S3WORa7ly2wa4oXMXMNL0qoO', '1', '0000-00-00 00:00:00', 'Carmenside', 'Cayman Islands', 'F', NULL, NULL, '0', 'Quos blanditiis repellendus enim magnam. Quia est quo ut dignissimos aliquid vel ipsam. Ipsam praesentium vitae sit unde. Quia temporibus ut nam.', NULL),
(120, 'Dr. Saul Jakubowski', 'george95', 'june.bartell@ruecker.com', '$2y$10$PCEEYZAnARxYJGU.FpEO9.QfnnTpHHN8VwTntdRCEEOp5HsOF/kwy', '1', '0000-00-00 00:00:00', 'Lake Tremainebury', 'Netherlands', 'H', NULL, NULL, '0', 'Aut ipsum et aut minima sed sint rem. Voluptas blanditiis dolores voluptatem molestiae. Suscipit id cumque placeat minus. Rerum occaecati eos corrupti aut officia. Iure laudantium nihil ut ut aut culpa dolorem.', NULL),
(121, 'Mrs. Annie Osinski II', 'antone10', 'mglover@hotmail.com', '$2y$10$EchXkt.f5FDb.WeRX9QNn.dCXlioqH8bQkETeBnorqL2yK725naum', '1', '0000-00-00 00:00:00', 'Shirleyburgh', 'United States of America', 'F', '', '', '1', 'Atque et temporibus et eos. Est necessitatibus soluta sapiente. Quam soluta sapiente facilis ut molestiae id. Impedit rerum nihil nulla doloribus fugit delectus dolorem.', NULL),
(122, 'Marlin Rowe', 'demarcus.yundt', 'qrobel@yahoo.com', '$2y$10$SxwZX/jN9fWSp6Ut7wbJmOY/u//DMRf.Uzz8GRgf7kN4WgCUknkAG', '1', '0000-00-00 00:00:00', 'Daijaville', 'Cyprus', 'F', NULL, NULL, '0', 'Ratione velit similique molestiae voluptatem sit suscipit. Delectus est consequatur possimus quia aliquam nam et nam. Sit ut saepe consequatur eum alias odio quis.', NULL),
(123, 'Alfredo Grady', 'joannie.parisian', 'conroy.zackary@yahoo.com', '$2y$10$mIspzgW6jl96/BKXrszXbenL.TSF0hZ1fv29x8Q9388lQimvIBVzG', '1', '0000-00-00 00:00:00', 'Adeliaview', 'Monaco', 'H', NULL, NULL, '0', 'Exercitationem illo dolor facilis dolorem culpa. Quam nostrum rerum ipsam et. Id quo aut ducimus pariatur ipsa sunt. Placeat cumque necessitatibus magni. Rerum iure qui eaque dolorem aperiam quibusdam ullam qui.', NULL),
(124, 'Maximo Lueilwitz', 'heathcote.isac', 'elsa09@ankundingmcdermott.com', '$2y$10$jxn74nwIlJDA3XG1ziTrDu3FsVQWM/aZSzgeNNWRhCZRQjGKvysOW', '1', '0000-00-00 00:00:00', 'Dickinsontown', 'Monaco', 'H', NULL, NULL, '0', 'Impedit soluta nostrum voluptatibus reprehenderit voluptas suscipit. Repellendus et eos earum praesentium autem corporis qui. Ratione architecto quidem iure animi. Quasi sit beatae officia ut sunt.', NULL),
(125, 'Prof. Ida Dietrich', 'oglover', 'albertha.purdy@funk.com', '$2y$10$x.rtGk2u47wnZDy4qJ24fuqEBb7SAVOT.OY0Ht6YFOm0AeBwy53Ka', '1', '0000-00-00 00:00:00', 'New Emma', 'Antigua and Barbuda', 'F', NULL, NULL, '1', 'Sequi numquam aperiam quis adipisci numquam. Possimus doloremque nihil eos quos inventore illo. Omnis suscipit qui aut alias officia nihil. Quis et ea corporis voluptates. Ut similique quia cumque error non inventore.', NULL),
(126, 'Prof. Eldora Beatty', 'fkuhic', 'gusikowski.ruby@hotmail.com', '$2y$10$w/4NrMwEAOMsBQWTWryqjuf4s59jNBJTNA/2c3YALVf84P/nWbIXe', '1', '0000-00-00 00:00:00', 'Elenamouth', 'South Africa', 'H', NULL, NULL, '1', 'Accusamus iste possimus sed porro illum. Porro non praesentium eveniet voluptate numquam explicabo. Ea voluptatem consequatur ipsum velit architecto. Qui quisquam fugiat voluptas rerum. Asperiores accusantium omnis quasi assumenda nesciunt aut.', NULL),
(127, 'Lloyd Leannon', 'patrick.langworth', 'armstrong.courtney@vandervort.com', '$2y$10$NB9zevu0YOeAODzVvw6KXeNh5g2BN0xpJXy8uq3ODo9ig4DyE1ARa', '1', '0000-00-00 00:00:00', 'Glovermouth', 'Czech Republic', 'H', NULL, NULL, '0', 'A molestias repellendus molestiae laudantium eligendi enim laboriosam. Laudantium cum eius voluptatem ipsa dolore. Explicabo sunt qui unde fuga unde. Molestiae magni architecto debitis perspiciatis.', NULL),
(128, 'Jade Koelpin Sr.', 'johnston.linnea', 'kenny.bahringer@gmail.com', '$2y$10$gy0DNxurE0rAwQ8Bf0muuePA.LTCfdh6QLXEMIcWoBTayily8Jire', '1', '0000-00-00 00:00:00', 'Brantville', 'Comoros', 'F', NULL, NULL, '0', 'Iure accusantium sapiente quia itaque eligendi. Officiis aut ratione temporibus qui eveniet. Facilis ea eligendi iusto quaerat fugiat aut. Sint cumque numquam et perferendis.', NULL),
(129, 'Isabelle Romaguera', 'declan.larson', 'gerlach.anastacio@gmail.com', '$2y$10$wL1JLBUjsWo7hL5CspydnecLftS/ITacMlvgmexWAifd6uU/FchvO', '1', '0000-00-00 00:00:00', 'Burdettechester', 'Puerto Rico', 'F', NULL, NULL, '1', 'Et sed et asperiores vero nemo cupiditate. Vero fugit omnis accusamus eaque. Excepturi tempore non suscipit atque enim aspernatur nostrum exercitationem. Odio inventore nihil molestias non et libero. Quae et illo explicabo occaecati nobis sapiente provident.', NULL),
(130, 'Frances Douglas', 'brandy.baumbach', 'prince26@yahoo.com', '$2y$10$9t77GMuPhmZXDfCn0OiA9e7JzLg13BGklDAHmVwHZUdrXO1RrqZMK', '1', '0000-00-00 00:00:00', 'New Lafayettetown', 'Grenada', 'F', NULL, NULL, '0', 'Et excepturi et quis ut amet sunt expedita. Et quia maiores alias qui vel sit doloribus. Tenetur reprehenderit vel nam soluta voluptates. Ea beatae quibusdam consequatur est veniam rerum dolores aliquid.', NULL),
(131, 'Ervin Gusikowski Sr.', 'ruth.frami', 'pfeffer.isaias@hotmail.com', '$2y$10$w5UmTJfdIy1NVi2qw7Bbx.LlK0LZ2CT0uck95V.HABU9AYZVucOSG', '1', '0000-00-00 00:00:00', 'Kathleenshire', 'Guadeloupe', 'F', NULL, NULL, '1', 'Et explicabo voluptatibus et ducimus. Similique illo unde porro labore iusto quod qui eveniet. Quia accusamus dolore quaerat occaecati ut porro et.', NULL),
(132, 'Kelly Powlowski', 'orn.alanna', 'qsimonis@yahoo.com', '$2y$10$lEmqCUYnEUR/s.HQOa5uSOjvF1N4rRhWjHDsgpnIxURuKsw6/mTxC', '1', '0000-00-00 00:00:00', 'West Shaynatown', 'Niue', 'F', NULL, NULL, '1', 'Sed et nihil laboriosam. Magnam iusto explicabo illo et qui laborum expedita. Consequatur et aut laudantium quod repellendus veniam qui ipsum. Veniam sequi cum illo quia esse quo.', NULL),
(133, 'Keith Torp', 'polly60', 'chaz.batz@yahoo.com', '$2y$10$Y32pnSXOHIZIePhXl0U7ouMCIK84scmK93qO/tsVCU3OiQ.b5g0Xa', '1', '0000-00-00 00:00:00', 'Skilesport', 'India', 'F', NULL, NULL, '1', 'Rerum fugit aperiam voluptatem modi repellendus repellat. Reiciendis ipsa a eligendi id exercitationem fugiat sit qui. Sunt qui quia minima ratione quidem qui.', NULL),
(134, 'Richmond Swift', 'savanah07', 'schumm.theresia@yahoo.com', '$2y$10$829lmYDQzqDwRbR6fjF/Pevvn9I0PAk8N8y6zmDVpzKqs5DykDC2O', '1', '0000-00-00 00:00:00', 'Wardside', 'Fiji', 'F', NULL, NULL, '0', 'Dolorem iure et et iusto labore praesentium fugit. Ab quasi molestiae natus non nesciunt. Deleniti optio rem ut dolorem hic.', NULL),
(135, 'Ena Lesch', 'ggislason', 'rkutch@spencer.com', '$2y$10$l6ohrcfKls5h95rq6SoUQeXOssnAacp2Yl9/O3DZDYaFLqtMmLhYW', '1', '0000-00-00 00:00:00', 'North Melvin', 'Ukraine', 'H', NULL, NULL, '0', 'Nulla magnam aut eveniet a explicabo. Facilis voluptate deserunt voluptatem quia et. Expedita autem minus recusandae magnam voluptates doloribus. Ratione qui facilis cumque commodi accusamus vel dolorem quisquam.', NULL),
(136, 'Rebeca Bogan', 'zieme.vernice', 'agibson@von.com', '$2y$10$Ty4jM2JFGNK478uUOVKeNOsOHz.hZhOHovVuHWPXGoszG6FJ6X.iO', '1', '0000-00-00 00:00:00', 'East Carson', 'Cyprus', 'F', NULL, NULL, '0', 'Rerum cum laborum facilis vel. Placeat magnam aspernatur odit est et ullam. Et repellendus reprehenderit reiciendis. Voluptatem harum quasi natus eligendi voluptatem animi dolores.', NULL),
(137, 'Mrs. Daphnee Klein', 'katlyn70', 'otho.barrows@yahoo.com', '$2y$10$34hurHeT/3MGVCLBqd.XTOTSRgf.k2TruR5iAztLe4AsUXE8xcHMC', '1', '0000-00-00 00:00:00', 'West Maryambury', 'Turkey', 'F', NULL, NULL, '0', 'Quas impedit culpa aliquid expedita ipsam cupiditate non. Ipsa excepturi quia repudiandae incidunt qui. Dolor est aut nobis ipsum explicabo eos debitis dolore.', NULL),
(138, 'Ethel Corwin', 'cgerhold', 'kirlin.chad@vonruedenhand.net', '$2y$10$xrtY6vJ2FSMgOkXWZIcF5.gJm/LRxgANqoyy8kA6X1cRnzE2Vpvim', '1', '0000-00-00 00:00:00', 'Tressaton', 'Zimbabwe', 'H', NULL, NULL, '0', 'Maxime eos ipsam est vel voluptas rerum expedita. Eos est qui fuga molestiae laboriosam suscipit aut. Dignissimos atque velit libero laudantium ullam.', NULL),
(139, 'Estell Connelly', 'kub.rosetta', 'myrna64@gmail.com', '$2y$10$YCLaf1ppyppubiLzdx4nEO6SLD7XK17Hfqu6DQWRwwSmbo2.MAIb6', '1', '0000-00-00 00:00:00', 'Buckridgemouth', 'Belgium', 'H', NULL, NULL, '1', 'Omnis ut quia dolores accusamus ut doloremque. Quia possimus et quia accusamus est non enim. Alias voluptas iure est quos iste praesentium quos incidunt. Corporis consequatur provident aut numquam qui totam.', NULL),
(140, 'Vena Casper', 'bosco.pascale', 'bogisich.ruben@gmail.com', '$2y$10$H5EWHdA3EMa1BsQhuFfzZez00Ez/ZMeY5VnaELERHS0W3ZYHB6oYy', '1', '0000-00-00 00:00:00', 'West Hadleyburgh', 'Zambia', 'F', NULL, NULL, '0', 'Ut ut qui vero sed repellendus tempora voluptas. Dolorum hic numquam tenetur non. Nemo aut consectetur animi et itaque porro modi. Fugit architecto officiis architecto consequatur odio.', NULL),
(141, 'Jasen Prosacco', 'kirstin.muller', 'rex.pfannerstill@barrows.net', '$2y$10$0jgrux.NBbkR/iJ/XVnzu.fwHpu1nL1Y7NepBFai7gXMYgSswN3Qq', '1', '0000-00-00 00:00:00', 'Lake Eleonoreland', 'Korea', 'H', NULL, NULL, '1', 'Veniam fugiat fuga commodi cumque est consequatur quia. Est cupiditate atque fugiat eaque voluptas voluptas expedita sit. Assumenda enim illo consequuntur. Quo assumenda minima temporibus at quis.', NULL),
(142, 'Jazlyn Marks', 'owalsh', 'khoeger@yahoo.com', '$2y$10$OUGBIau7dJu0y0D6HmBcKOTovHW5UXQk/.Yh0DU31qtFr6.FQJQUi', '1', '0000-00-00 00:00:00', 'Lake Jadyntown', 'Bolivia', 'F', NULL, NULL, '1', 'Explicabo similique consectetur quasi id iusto necessitatibus. Ipsam qui dolore et ex. Adipisci nulla accusantium itaque.', NULL),
(143, 'Jarrod Huels', 'nmorissette', 'louvenia.wilderman@hotmail.com', '$2y$10$2tMwCOaf5c/EbM/IwNtxk.O/vq3CH2JbJd0aZsaowhFaru5O.J9ju', '1', '0000-00-00 00:00:00', 'New Minniemouth', 'Guam', 'F', NULL, NULL, '1', 'Velit quasi aliquid et porro rerum eveniet recusandae. Quasi voluptas molestias provident fugit quod delectus. Aut rerum voluptas saepe ducimus sed aut.', NULL),
(144, 'Dr. Makenna Schuppe DVM', 'vivien86', 'maci98@hotmail.com', '$2y$10$RJGsLmS6PQDasz8ddfB01e6FwXKDZisqn8reOzcJL2cAtVs0YQIo2', '1', '0000-00-00 00:00:00', 'Aufderharville', 'Kiribati', 'H', NULL, NULL, '0', 'Vitae est cumque id quia. Sit magni recusandae expedita quo. Voluptatem aliquam rerum ut illo qui itaque aspernatur.', NULL),
(145, 'Dedrick Terry', 'aschuster', 'milton.vandervort@auerlegros.net', '$2y$10$lbFxtYTpsoF7/AkNrvTdZeoS8ynYDK4XKt8HQNhX98X5eHq3EdMce', '1', '0000-00-00 00:00:00', 'Edabury', 'Palestinian Territory', 'F', NULL, NULL, '1', 'Architecto alias vel ducimus aliquid omnis eum sequi quod. Et consequatur iusto at eum sint omnis. Non sint et mollitia optio dolores similique sint corporis. Consequatur et sapiente voluptas necessitatibus dolor animi tenetur. In voluptate exercitationem saepe dicta.', NULL),
(146, 'Darby Jacobi', 'gilda.armstrong', 'mohammed16@gmail.com', '$2y$10$Kj78ZsOaHrWXmYuIFQIFIOY5gHFXg26V8LKjRp.t78WhabzS.lKsW', '1', '0000-00-00 00:00:00', 'East Tanya', 'Trinidad and Tobago', 'F', NULL, NULL, '1', 'Exercitationem ipsa excepturi enim rem. Tempore commodi voluptas reiciendis animi ipsa nihil molestiae alias. Incidunt ducimus neque voluptatem est sed.', NULL),
(147, 'Arden Lakin', 'lavonne26', 'buck.ankunding@franecki.com', '$2y$10$IY1DXpFJovgDvOu1sMfpDOigLXrAywQAvGQVWBKiCPIGzyUz0fYBK', '1', '0000-00-00 00:00:00', 'Braunside', 'Turkey', 'F', NULL, NULL, '0', 'Alias nam officiis provident. Numquam velit sed recusandae ullam voluptatum sit. Aliquid architecto saepe tempore saepe corporis.', NULL),
(148, 'Mr. Jessie Wolff', 'cale16', 'reggie.graham@gmail.com', '$2y$10$N4gAS.ZSvpCcucuy7AZ5DOt95uqjGRvmCcG6pLpVem9E97LYDJ6a.', '1', '0000-00-00 00:00:00', 'Sanfordmouth', 'Indonesia', 'H', NULL, NULL, '1', 'Illo voluptatum numquam eaque enim. Nesciunt atque dolores est est esse rem dolor. Laudantium omnis quia quis eaque quia corporis delectus.', NULL);
INSERT INTO `users` (`id`, `name`, `pseudo`, `email`, `password`, `active`, `created_at`, `city`, `country`, `sexe`, `twitter`, `github`, `avaible_for_hiring`, `bio`, `avatar`) VALUES
(149, 'Afton McLaughlin PhD', 'georgette.lockman', 'bschuppe@corwin.com', '$2y$10$9EpauywHS5fMDhMH5Qb6UO7AzxFzpFA37pUAeC7I5MtkOvwgjxBny', '1', '0000-00-00 00:00:00', 'Schmittborough', 'Pitcairn Islands', 'H', NULL, NULL, '1', 'Laudantium in ut omnis rerum quo facilis vel. Voluptatum sed officiis laboriosam laborum consectetur beatae. Dolores ipsum maiores voluptatum. Nihil officia inventore velit illo porro eaque maiores.', NULL),
(150, 'Rosie Cormier', 'konopelski.robin', 'catherine.walker@yundtleffler.org', '$2y$10$5KyyJr1fqdZBbsQWzLBGiOvFqyaD8Zz0JdMVjYcABRE8yeVZWU4cG', '1', '0000-00-00 00:00:00', 'Brendenmouth', 'Morocco', 'F', NULL, NULL, '1', 'Molestiae eveniet aliquid aut a accusantium adipisci. Assumenda voluptas sint ducimus aut. Officia dignissimos eveniet corrupti voluptatem doloremque ut laudantium. Quo cupiditate dicta quis molestiae odio dolores molestiae.', NULL),
(151, 'Kamryn Green', 'zachariah.stehr', 'haag.carole@pourosemmerich.info', '$2y$10$JT91WHjLLKfqddFTCEn2TO.X/QfQc1nzmST2kSiUBAv4aDB/zGRI6', '1', '0000-00-00 00:00:00', 'New Dudleyburgh', 'Poland', 'H', NULL, NULL, '1', 'Rerum alias reprehenderit facilis et a. Aut magni doloremque nihil quos omnis et ea. Temporibus nihil soluta tempora consequatur ut corrupti.', NULL),
(152, 'Donato Swift PhD', 'winston.terry', 'sven.corwin@hotmail.com', '$2y$10$UrCR9OsiELwGaCxr/O5Zle9xivZasgFH7NQXYL3yhu.7bRyTEsVxy', '1', '0000-00-00 00:00:00', 'North Kyra', 'Turks and Caicos Islands', 'F', NULL, NULL, '0', 'Qui tempore voluptatem ratione sunt voluptatum natus repudiandae. Accusamus fugit exercitationem et enim quia. Quae et rerum quibusdam optio autem neque.', NULL),
(153, 'Kaitlyn Osinski', 'eddie.steuber', 'chance.effertz@yahoo.com', '$2y$10$obQ3w6qC6hMG5K0Ij3bpLubTpD87QUatY7V53yKGiCFpBXOSjKJia', '1', '0000-00-00 00:00:00', 'West Kariane', 'New Zealand', 'H', NULL, NULL, '1', 'Optio debitis iste repellat aut earum. Et voluptas a est. Ut explicabo corporis veniam quod sed natus.', NULL),
(154, 'Gerson Wintheiser', 'antonio15', 'kassulke.skye@mayer.com', '$2y$10$IJDj5XrEqZA.tDH44Pcr1uF3nH.M23Na6NM.nXhSN7.4fO6gX0BS.', '1', '0000-00-00 00:00:00', 'West Shaylee', 'Montenegro', 'H', NULL, NULL, '1', 'In commodi odit odio hic vel quo sit. Modi nisi sed tempora recusandae. Autem modi vel aliquid ut eum non sequi. Molestiae fugit unde debitis voluptatem debitis eveniet saepe.', NULL),
(155, 'Pearline Crist', 'klocko.deborah', 'maurice.bernhard@yahoo.com', '$2y$10$9twcrPE4oabeHqEDbwKzJez4yc9Ip6bH3w0RQhJyjjjkfrPqiXKLO', '1', '0000-00-00 00:00:00', 'Tomasland', 'Jamaica', 'F', NULL, NULL, '0', 'Quia autem laboriosam eligendi repudiandae sit facere aliquam. Neque consequatur et quam quia officiis sed. Debitis quasi voluptatem et est et.', NULL),
(156, 'Alvina Balistreri', 'bailey.margot', 'johnny.murphy@mclaughlinkris.org', '$2y$10$GrafYwUKWdH6p1a6PzFHren1Gn2dLbFJbZhePA9YXYJHGFiE2N4gC', '1', '0000-00-00 00:00:00', 'New Ahmadmouth', 'Belarus', 'H', NULL, NULL, '0', 'Ad omnis a illum quaerat mollitia consequatur. Dolorem magnam esse eaque aut sunt.', NULL),
(157, 'Mr. Patrick Cole', 'kiel.becker', 'bauch.blaise@gmail.com', '$2y$10$m5KDgZ0.ruYLpIC7uWi1a.T1bdm6h5/CXKiHJytFGOCwCyExHfp9i', '1', '0000-00-00 00:00:00', 'Lerabury', 'Gabon', 'H', NULL, NULL, '1', 'Dignissimos enim in molestias nemo temporibus rerum labore. Nisi et dolorem autem nulla vel aut. Et natus nam dolor repellat.', NULL),
(158, 'Prof. Zachery Abbott', 'sophia.bode', 'smitham.joshuah@brownokon.com', '$2y$10$joDuBjVX/gi0vfjD4B2LeuYLwiMT.F4v2hb6osRFCc2QuBzBJH6o.', '1', '0000-00-00 00:00:00', 'Ankundingbury', 'Andorra', 'F', NULL, NULL, '0', 'Velit explicabo voluptatem ab delectus. Quidem est facere vel et maiores ex.', NULL),
(159, 'Elisa Rohan', 'alessia.block', 'romaguera.suzanne@wehner.com', '$2y$10$KjDCHzcDrXMquH1NKqL35.14y6MJo5uuqPgL4vfQ9bSwJZAafl8Na', '1', '0000-00-00 00:00:00', 'New Hellen', 'Mongolia', 'F', NULL, NULL, '1', 'Repellat molestiae dolorem voluptatem doloremque aut id omnis. Repudiandae exercitationem et corrupti. Eaque velit et veritatis.', NULL),
(160, 'Mrs. Willow Simonis', 'predovic.kenyon', 'olson.oran@farrell.com', '$2y$10$tcZ1Ejpm6n4jdUob0MDUo.YwthRTjKvuKQpJ4HHmtD7mRJ9qPiPEq', '1', '0000-00-00 00:00:00', 'Smithamstad', 'Qatar', 'F', NULL, NULL, '1', 'Sit incidunt consequatur eos quis autem odio qui blanditiis. Neque impedit a omnis id. A natus excepturi et reprehenderit. Molestiae vitae est error eum quas aliquam.', NULL),
(161, 'Hilario Upton', 'sherman70', 'geovanni.waelchi@cruickshank.com', '$2y$10$Td8VSFXL97rd2fY/nhP65OlSB8O/pMfpqR8us.SgOp7MLSDiLTGTq', '1', '0000-00-00 00:00:00', 'East Devenshire', 'Turkmenistan', 'F', NULL, NULL, '1', 'Sunt velit quibusdam sed impedit. Pariatur accusantium exercitationem qui molestias. Temporibus asperiores assumenda saepe et repellendus et voluptate. Assumenda iste architecto magni in.', NULL),
(162, 'Ms. May Olson', 'cole.orrin', 'monserrate30@hotmail.com', '$2y$10$nJbh4PlQy/ejJD4/nBR4uOCSfzqmJcR/jmuQ.0thbWdBAzyEaK5Pq', '1', '0000-00-00 00:00:00', 'McDermottchester', 'Iran', 'F', NULL, NULL, '0', 'Eaque in repellat ipsam asperiores enim veritatis assumenda. Ipsam libero dolor eius dolorem nulla distinctio quo. Nisi possimus quam animi possimus cum qui.', NULL),
(163, 'Alexane Schaden', 'fmacejkovic', 'clinton.green@gmail.com', '$2y$10$hvjBdNqa6BFNa5WzPKhgvexWAJK5ACHFjP6YFiiT9y4Z6wQZgCAR2', '1', '0000-00-00 00:00:00', 'Chadchester', 'Bolivia', 'F', NULL, NULL, '0', 'Assumenda molestiae earum adipisci veritatis voluptate. Quidem ipsa eaque quis deserunt est quia quisquam. Sed nostrum nostrum corrupti et consequatur consequuntur dolores exercitationem.', NULL),
(164, 'Prof. Dewitt Corwin III', 'hkulas', 'konopelski.lily@krisharber.biz', '$2y$10$0cPeIIozgi8ieI5C5Ca1tum/xgAHFHhd443/jO3D1.cJB1gu2dKn.', '1', '0000-00-00 00:00:00', 'Brennamouth', 'Andorra', 'F', NULL, NULL, '0', 'Tempora impedit expedita maiores doloremque voluptatem. Voluptas pariatur est consequatur sed ut eum. Non laborum et amet in aut doloremque nulla. Quis exercitationem est natus repudiandae dolores.', NULL),
(165, 'Kathryn Fay', 'coy84', 'nitzsche.elinore@barton.org', '$2y$10$fzpLzZ1L2T30lcA9IeScdeh4onM6nfpD7OsGCMqn5qMzyDP.FbMPu', '1', '0000-00-00 00:00:00', 'Fisherside', 'Gibraltar', 'H', NULL, NULL, '0', 'Quam quis nisi quaerat enim vitae voluptatem. Numquam velit sed eius minima enim. Atque non ullam maxime temporibus reprehenderit officia rem.', NULL),
(166, 'Baylee Christiansen', 'dickinson.deion', 'daugherty.opal@hotmail.com', '$2y$10$V/LBMRGdRMZ.NVspZJq64OvAYG.rtbyXfkY1E6x6w7K4cAizOuVCS', '1', '0000-00-00 00:00:00', 'West Reneehaven', 'Mexico', 'H', NULL, NULL, '0', 'Eaque omnis aspernatur et sit recusandae aut. Voluptas animi eos quaerat sequi. Nemo quia ipsam corporis voluptatem unde tenetur.', NULL),
(167, 'Norberto Hackett', 'rozella28', 'max33@gmail.com', '$2y$10$CtWgqAt27Sq.RDnebk8kIOsRxdcfh20BoQnvW/sBsyu8QU8fNzg5a', '1', '0000-00-00 00:00:00', 'Titoton', 'Faroe Islands', 'F', NULL, NULL, '0', 'Quasi quidem nulla ipsam sed. Iste velit rerum cum et. Modi necessitatibus voluptatibus eos consequuntur adipisci ut. Dolorum repellendus alias quidem provident officia a molestiae.', NULL),
(168, 'Westley Roberts', 'skiles.germaine', 'rschaden@gmail.com', '$2y$10$kBjkEt1FuMqZ.2nbNqJDw.XKOIS6f/S8uI/TzgieCGFSjcHgGrXym', '1', '0000-00-00 00:00:00', 'Bradleyside', 'Suriname', 'H', NULL, NULL, '1', 'Modi eius distinctio molestiae saepe quia quaerat eius. Rem modi inventore ut error consequatur nobis est. Quis quos praesentium iste tenetur aliquam quia.', NULL),
(169, 'Tate Reinger', 'jjerde', 'nella.o''connell@yahoo.com', '$2y$10$FNEKF0kyr4wlTQnWE2uhXOc7wlstf/E0yCK3ug5PqmUISTm8Msi.2', '1', '0000-00-00 00:00:00', 'North Ova', 'Cocos (Keeling) Islands', 'H', NULL, NULL, '1', 'Et laborum possimus et. Sit sit tempora autem iusto nihil quae odio qui.', NULL),
(170, 'Dr. Lulu Dickens', 'herman.kaylie', 'marlon.collins@yahoo.com', '$2y$10$t9rbPgln1c0LkJpTkDENkO/BUNK/mUIV5lZYqVj03wPlGezRhVjjC', '1', '0000-00-00 00:00:00', 'East Jacquesfurt', 'Japan', 'H', NULL, NULL, '0', 'Architecto iste debitis rem quae nostrum magni incidunt reiciendis. Aperiam occaecati possimus eligendi et. Est at quaerat doloremque amet.', NULL),
(171, 'Ena Simonis', 'juana.reichert', 'upagac@boyer.com', '$2y$10$lZb0ER.fY0yvPdiOIgjg4.Qx2ejnsNZIdGfLVIsTTzvTxNFGnPCCO', '1', '0000-00-00 00:00:00', 'Amandaview', 'Venezuela', 'H', NULL, NULL, '0', 'Non eveniet voluptate modi saepe et est ea. Porro quaerat aliquam laboriosam amet. Fugiat in non ut.', NULL),
(172, 'Ashleigh Tromp', 'kenton.mann', 'satterfield.creola@damore.info', '$2y$10$9oCF/Llayx1CFxgAkVn4NO8bx8Gag9wlZacT5it..EWUPuFx3RMAC', '1', '0000-00-00 00:00:00', 'Geraldinestad', 'Macedonia', 'F', NULL, NULL, '0', 'Voluptatem libero placeat nihil qui vero nesciunt in. Molestiae et quod dolor aspernatur aperiam voluptas ipsum. Quisquam soluta ipsum pariatur nobis quaerat.', NULL),
(173, 'Darrion Leffler', 'wehner.libby', 'nwill@hermann.com', '$2y$10$e5i.s0Sj4iKuAJbFecLYn.Sm9vfcDt3hqXJvFxX/U9C2lw174a4w.', '1', '0000-00-00 00:00:00', 'Schmittborough', 'Cook Islands', 'F', NULL, NULL, '0', 'Eligendi quidem nisi ratione. Harum tempora ut est iure. Omnis asperiores molestias facere.', NULL),
(174, 'Mustafa Durgan', 'wdicki', 'matteo.hartmann@howebauch.com', '$2y$10$.mz2FMB9UBJQ8r/wGx0Z3.qYKyEoAo/N12H3hw3WiOaUxWpBkkVpu', '1', '0000-00-00 00:00:00', 'Murazikmouth', 'Paraguay', 'F', NULL, NULL, '1', 'Iusto vel qui non aspernatur cupiditate. Quia porro recusandae molestiae consequuntur pariatur. Illo accusantium aut in iure nam. Sunt temporibus velit qui odit est fuga sunt.', NULL),
(175, 'Mr. Guiseppe Kulas', 'natalie.lind', 'waelchi.cortez@littel.net', '$2y$10$u1OvOHPQxCyiIbelciklRe7szwv5PH3XYSE6hZDwAjZD5THCyJi3m', '1', '0000-00-00 00:00:00', 'South Pearl', 'Aruba', 'F', NULL, NULL, '0', 'Sed asperiores deserunt cumque est architecto pariatur repellendus. Excepturi vero quo quia suscipit. Facilis molestiae omnis doloribus et.', NULL),
(176, 'Orlando Leannon', 'ihoeger', 'hwaelchi@gmail.com', '$2y$10$.p5KkKXl0Zl12FQng/mc1ufIKKgk1aVkd9vkqXWkCb56sLQLU1O4K', '1', '0000-00-00 00:00:00', 'Codyburgh', 'United Arab Emirates', 'H', NULL, NULL, '0', 'Quam molestiae vitae cumque aut aspernatur. Optio voluptatem quia sed ea qui fugiat dolorem. Asperiores ut quas neque aut veritatis porro. Consequatur et voluptates voluptatem a et.', NULL),
(177, 'Dr. Flossie Schuppe DVM', 'jonathon07', 'mkling@dare.com', '$2y$10$Bxkov9mr8Ib0qv9tq0D1QeI/pHvJAqeF/yg/rclOLLK10ePHACBoW', '1', '0000-00-00 00:00:00', 'Kuhicland', 'Rwanda', 'F', NULL, NULL, '1', 'In dolorem quod et tempora praesentium est quibusdam. Aperiam aspernatur et voluptates deserunt praesentium neque. Ab doloremque consectetur excepturi a.', NULL),
(178, 'Dr. Alyce Muller Jr.', 'weissnat.bernhard', 'dach.nathaniel@daugherty.com', '$2y$10$nbXROjCAa8ahNDTngi511OVH3Ai84Z094ZFU85KRPnsGmvE/LX3m.', '1', '0000-00-00 00:00:00', 'North Vernie', 'Slovakia (Slovak Republic)', 'F', NULL, NULL, '1', 'At consequatur praesentium assumenda quam in voluptatibus. Sunt voluptatum molestias ut autem. Suscipit dicta sunt et facilis ut aperiam neque. Eum quia omnis perferendis deserunt quas quia. Eum sit facere beatae praesentium necessitatibus.', NULL),
(179, 'Ms. Karelle Prohaska IV', 'henderson.rau', 'lgerlach@hotmail.com', '$2y$10$HlcUF2WD99WDuI4g8AlYB.01ysFn1ZUdhsVdnOMuCSvvDOhure0qG', '1', '0000-00-00 00:00:00', 'North Jensenville', 'Northern Mariana Islands', 'H', NULL, NULL, '1', 'Optio esse minima deleniti nisi ut placeat eum molestias. Quia praesentium est impedit iste. Commodi aspernatur nesciunt velit.', NULL),
(180, 'Chet Walker', 'claire.fay', 'xkreiger@yahoo.com', '$2y$10$8f1O5Ijs5pq/UpJVRZWVeOmPDI1SmUEkNJxL3f0Ban.FbyvnlbzFS', '1', '0000-00-00 00:00:00', 'South Catalinaside', 'Saint Helena', 'H', NULL, NULL, '0', 'Voluptatum excepturi iste numquam. Tempora eius distinctio est explicabo qui ad in. Quo sequi architecto at non debitis amet ducimus.', NULL),
(181, 'Mrs. Oleta Huels PhD', 'ashley.wyman', 'zwillms@muller.com', '$2y$10$Og81rfaE4DrreM5rPdjvnOD0TXuyAOWrhqv3pANXPFYqxdPqQnvXK', '1', '0000-00-00 00:00:00', 'New Beau', 'Sri Lanka', 'H', NULL, NULL, '0', 'Aut repellat itaque nesciunt adipisci quibusdam tenetur. Blanditiis cumque consectetur tempora impedit dolorem nam. Quidem ut quisquam velit dolorem. Architecto aliquid accusantium dolorem temporibus tenetur sunt.', NULL),
(182, 'Providenci Lebsack', 'maiya12', 'willy65@yahoo.com', '$2y$10$gsKUlBI1hA/acnDpf35ECO/WYEeo6k4nbtaXbmz6x2CEKFPghNvK.', '1', '0000-00-00 00:00:00', 'Pourosstad', 'Nauru', 'H', NULL, NULL, '1', 'Impedit dicta velit doloremque et consequatur velit. Delectus quia natus aut rerum et quia et. Eos odio et aspernatur laboriosam repellendus rerum fugit.', NULL),
(183, 'Wilhelmine Hackett', 'ppagac', 'aboyle@gmail.com', '$2y$10$CeN6nByu9PlVG9yiodgPp..mRbMjx7igUN.zZhhexwFYmwL8R3Yv2', '1', '0000-00-00 00:00:00', 'New Horaceville', 'Martinique', 'F', NULL, NULL, '0', 'Odio sit minus qui voluptatum. Assumenda laudantium voluptatem voluptatem voluptas sit modi nobis. Deserunt repudiandae est soluta dolores.', NULL),
(184, 'Carol Hilpert', 'wbatz', 'richie85@reilly.biz', '$2y$10$ZYHUeholX0e8JEfXC2ce5Oo9JsDMDETY8z2NWR2yB.5fJHOc2b.F2', '1', '0000-00-00 00:00:00', 'Dameonport', 'Georgia', 'H', NULL, NULL, '1', 'Accusamus sit occaecati rerum. Blanditiis accusamus asperiores earum et autem minus. Et ea eius deleniti saepe mollitia.', NULL),
(185, 'Jaden Langworth', 'zechariah.bednar', 'juanita.hills@yahoo.com', '$2y$10$ChemaamRJiIwvbGukSMBfuhfo9Eqy6eGvAFdtCn1lOSePa5wIFFIq', '1', '0000-00-00 00:00:00', 'Kunzeville', 'Guinea-Bissau', 'H', NULL, NULL, '0', 'Et vel eius rerum explicabo. Omnis iste numquam qui iure voluptas sequi blanditiis. Error omnis dignissimos nesciunt adipisci.', NULL),
(186, 'Lempi Schulist Sr.', 'karine93', 'dario.steuber@hotmail.com', '$2y$10$JjH9d.I0QwR9L.bue/g1jucSAnWzrwXPxGII.G852fjzu90Z3WVeO', '1', '0000-00-00 00:00:00', 'North Nestor', 'Burkina Faso', 'F', NULL, NULL, '0', 'Culpa delectus quas doloremque nostrum. Recusandae itaque aut explicabo iusto necessitatibus et. Id praesentium quis minus qui et ea consequuntur.', NULL),
(187, 'Candido Walter Sr.', 'uritchie', 'meagan.barrows@hotmail.com', '$2y$10$a0Noyu7OBMq6nDWaxXMQleqq1U9SVH1VnFPBDSXb2X95M5g9KVvZG', '1', '0000-00-00 00:00:00', 'Jaysonshire', 'Philippines', 'H', NULL, NULL, '1', 'Deserunt dolores exercitationem illum voluptatibus sed et et. Error harum excepturi quisquam. Rerum similique aut quibusdam consequuntur id sit quae. Pariatur perferendis recusandae nostrum iure aut repellat consequatur.', NULL),
(188, 'Prof. Miller Konopelski', 'nbruen', 'cummings.kurt@champlin.net', '$2y$10$KcrR8cj2TC4kpg.Be1SJwOUBKXP1ntFYpSauDBS4bQE5AVAnQqUIa', '1', '0000-00-00 00:00:00', 'Casperberg', 'Cote d''Ivoire', 'F', NULL, NULL, '0', 'Consequatur est expedita rerum rerum voluptas non perferendis. Dolore dolorem iusto recusandae voluptas voluptas deserunt voluptatum. Ut in est neque odio dolores quia rerum. A et facilis doloremque rem numquam maxime.', NULL),
(189, 'Mina Schiller', 'berry.mann', 'qhills@hotmail.com', '$2y$10$6uPDD8O4QyAwQPeoZhYVYO8f..b4LXpGQSAx40jXic6g3o7atyFAC', '1', '0000-00-00 00:00:00', 'Keeganberg', 'Antigua and Barbuda', 'F', NULL, NULL, '0', 'Facere vel iste fugit id vero quod. Quia temporibus vitae ducimus rem repellat saepe. Eveniet deserunt rem natus minus reprehenderit suscipit.', NULL),
(190, 'Prof. Jordi Bergstrom', 'zrutherford', 'tod.batz@bergnaum.com', '$2y$10$Irq4gx/vRDgRLt/oCisvgeXdjVP3OwMP0F5gOnWugWO1zAIMHy.Rm', '1', '0000-00-00 00:00:00', 'Chasityberg', 'Jersey', 'H', NULL, NULL, '0', 'Velit illum provident quam occaecati et eum dolorum nihil. Quia facere eligendi tempora placeat ullam similique. Dolorem occaecati aspernatur magni sit et voluptas.', NULL),
(191, 'Vida Berge', 'harvey35', 'rconsidine@yahoo.com', '$2y$10$euW5KzwxLLtHmFeXM02m7O2x/0Iz2lmq2o7hEeOABzwjx5XeWd3MG', '1', '0000-00-00 00:00:00', 'Maximillianberg', 'Micronesia', 'F', NULL, NULL, '1', 'Vero in ut minus odio. Fuga blanditiis doloremque aliquam veniam rerum. Voluptate vero quo est in aut. Aliquid quaerat consectetur ut corporis voluptas.', NULL),
(192, 'Rick Romaguera', 'pschuster', 'zoey.feil@hotmail.com', '$2y$10$w/tWLkf.L3vBtwHjKw.HLebOt.KFuE3x/XUc1owKBWtpCrxt4Ci2G', '1', '0000-00-00 00:00:00', 'Bashirianburgh', 'Botswana', 'F', NULL, NULL, '1', 'Vel laborum in sunt blanditiis. Ducimus suscipit ullam quo enim. Assumenda provident earum facilis ab sapiente quaerat quae.', NULL),
(193, 'Forest Kuhic', 'werner32', 'schultz.olga@kling.net', '$2y$10$YDpplvpuR5SskYu70Qd1Juu15KkkSRgosrX7db1k4wPdi29U8WoK.', '1', '0000-00-00 00:00:00', 'Port Buddy', 'Estonia', 'F', NULL, NULL, '1', 'Ipsum saepe dolor non quisquam. Vel soluta a libero enim placeat tenetur. Libero saepe sapiente minima ipsa porro. Vel cumque qui veritatis temporibus inventore odit nisi id.', NULL),
(194, 'Miss Rebeka Kautzer', 'zelma87', 'hodkiewicz.billie@bergnaum.org', '$2y$10$aO5v83hfaqHNSiU1pqFd5.G/fKCLRNh14h9QH2LjSBIazdvALjnUy', '1', '0000-00-00 00:00:00', 'Hellerfurt', 'Angola', 'H', NULL, NULL, '0', 'Sapiente sint id possimus quo quae. Qui et molestiae eos natus necessitatibus voluptates. Sed voluptatem itaque officiis ut tempora dolores ea harum.', NULL),
(195, 'Zelma Beatty', 'ycrona', 'plowe@dietrich.com', '$2y$10$IOV1xaen0.uF5SDlXtcQ3OC/WJM.7oDsk6P9j7XXE91lCDf5GNoay', '1', '0000-00-00 00:00:00', 'West Janelleside', 'Liberia', 'H', NULL, NULL, '0', 'Quos dolorum aut quibusdam sunt et deserunt magnam. Commodi corporis eveniet ab impedit numquam ab occaecati et. Quia delectus consequatur et quam quisquam quo.', NULL),
(196, 'Kirk Sawayn', 'boehm.zoie', 'qgrady@yahoo.com', '$2y$10$zWdSgMj6jkakSdAii4DQVu3./tDjEuMX/cxK.Gn.69RvVCiP8SSc.', '1', '0000-00-00 00:00:00', 'New Vinnie', 'Sao Tome and Principe', 'F', NULL, NULL, '1', 'Consectetur ad omnis aut voluptatem omnis nam. Voluptatem magnam enim aperiam et sed. Voluptatem molestiae dolor unde laborum. Exercitationem facilis sit non necessitatibus odio.', NULL),
(197, 'Gay Veum', 'qd''amore', 'nhudson@gmail.com', '$2y$10$SDETRhLn6au3KxWVp8cUtuHx.qQQNGpSt9GneFpQZSH1q2/d1Cwge', '1', '0000-00-00 00:00:00', 'Osinskichester', 'Luxembourg', 'F', NULL, NULL, '1', 'Officiis eum maiores consequatur ex at omnis mollitia. Est dolore expedita voluptates quis perspiciatis id. Vel ut aut saepe doloribus voluptatem aperiam.', NULL),
(198, 'Dr. Gussie Rippin III', 'carleton89', 'stroman.garret@schoen.com', '$2y$10$zoPUIYiicObn2eVPeyVCquS8B7G2Bm/6AqM9FYuTUoxL2LsmVNWBu', '1', '0000-00-00 00:00:00', 'Port Wileychester', 'Bangladesh', 'F', NULL, NULL, '1', 'Itaque illum molestias inventore corrupti explicabo sint. Dignissimos qui asperiores quasi alias enim culpa. Et cum blanditiis asperiores repellat aut. Aliquam nihil porro tempore quae voluptas. Ut nisi dicta voluptatem quod omnis.', NULL),
(199, 'Prof. Caleigh Gibson Jr.', 'abelardo.dach', 'fadel.nakia@mclaughlinyundt.net', '$2y$10$J9aH/ePI7RBqsjp50z0B0evSz0KFCOvNRWvSL8/QxvOjVFywnyp.2', '1', '0000-00-00 00:00:00', 'East Lelia', 'Portugal', 'H', NULL, NULL, '1', 'Est harum sunt error vero ullam minima. Totam placeat nam laborum debitis nobis id id porro. Impedit a nemo excepturi porro.', NULL),
(200, 'Mr. Mateo Hilpert II', 'gislason.simeon', 'antonetta.ankunding@walterrice.com', '$2y$10$1CJw5JzApmUUYWHTFqqxsOpu1edAAheOZ6sx5U6u43HxF2xx3Q2w6', '1', '0000-00-00 00:00:00', 'Lake Filomenaside', 'United States Minor Outlying Islands', 'H', NULL, NULL, '1', 'Tempore rerum accusamus quis voluptatem dolores occaecati. Voluptatem aut eum omnis cum rerum nobis. Ut quos esse beatae error quia.', NULL),
(201, 'Mr. Torey Von', 'leilani02', 'auer.caleb@greenholt.com', '$2y$10$ZhEkWghBanjZcyOf62r7je7R/jztEPV9m6CpOKibOYkSQKBrirJ6e', '1', '0000-00-00 00:00:00', 'Antonettaside', 'Nigeria', 'F', NULL, NULL, '1', 'Temporibus ipsa dolorum dolorem eum rem laborum voluptates. Dolores at nemo non aut officiis. Necessitatibus id incidunt perferendis facilis. Quia dolorem illum et mollitia dicta fugiat aperiam.', NULL),
(202, 'Dr. Brad Grimes I', 'marvin57', 'reuben.reynolds@gmail.com', '$2y$10$aUrkvxFjPPNqASNPJV4vl.HrUYbYUnQxoySJGt4CyVBKWPiCCL2yO', '1', '0000-00-00 00:00:00', 'South Tabitha', 'Niger', 'F', NULL, NULL, '1', 'Sit eum quos doloribus vero sint. Blanditiis culpa rerum delectus sunt quod. Soluta molestiae placeat similique ut non animi. Sunt quos earum corporis rerum voluptatem eius ex et. Et et earum quisquam aut.', NULL),
(203, 'Dr. Rahsaan Pfannerstill', 'douglas.reanna', 'jacobson.bettye@yahoo.com', '$2y$10$16cYnR6MYsahXaaJag7/JeGYohoes9BdSJgr83p0egM9W3UYwVDzi', '1', '0000-00-00 00:00:00', 'Port Rachel', 'Jamaica', 'H', NULL, NULL, '0', 'Hic qui architecto vero. Minima alias inventore dolores doloremque minima provident dolores. Asperiores sed porro adipisci eligendi enim deserunt sapiente. Voluptatum quibusdam est deleniti omnis. Quia mollitia eius tenetur recusandae qui quas dolorum.', NULL),
(204, 'Mr. Waylon Russel MD', 'myra.kertzmann', 'zmann@vandervortsmith.biz', '$2y$10$s3rqQXXlnxmXz1gU03GdZueQ6gF2BS.ImJqYgjR/bSFVn3e83Xspi', '1', '0000-00-00 00:00:00', 'Norabury', 'Moldova', 'F', NULL, NULL, '1', 'Molestiae laudantium est iste et ut occaecati. Inventore enim sed delectus molestiae quo. Voluptatem tempore placeat delectus facilis nostrum culpa dolore impedit.', NULL),
(205, 'Norma Pagac', 'mills.brenna', 'ykoch@labadie.info', '$2y$10$.bvv1NgfKl4TJOV3ssyRBOO84co14U907.K4IDXt.1xjgmVu3k8D.', '1', '0000-00-00 00:00:00', 'Durganborough', 'American Samoa', 'H', NULL, NULL, '1', 'Qui dicta repellendus voluptatem repudiandae ipsa earum non voluptas. Impedit qui quibusdam non illum et accusantium natus. Voluptas eveniet molestias natus ut. Libero vel sed sint qui aut minima minus.', NULL),
(206, 'Yvonne Stamm', 'cole.adolf', 'citlalli74@gmail.com', '$2y$10$xnDFFIN3hYW4cXV/rrd8peEYJYk.oltp56EcPCXqAIHedySUgTZIm', '1', '0000-00-00 00:00:00', 'Glendamouth', 'Kuwait', 'H', NULL, NULL, '1', 'Ut nisi et praesentium accusamus delectus quia iure natus. Aspernatur voluptates labore possimus minus corporis ut quidem.', NULL),
(207, 'Jeanne Veum', 'cvonrueden', 'greynolds@yahoo.com', '$2y$10$Rbc4Q9QVXcMRtrt.RiO.leSjLi/Du6fvCB4ZZTQDSsww.mCIUyopW', '1', '0000-00-00 00:00:00', 'Wuckertberg', 'Netherlands', 'H', NULL, NULL, '0', 'Asperiores iusto dicta consequatur voluptates. Quo porro omnis incidunt omnis tenetur. Sint tempore ad qui commodi veritatis. Et illo ea qui vero voluptate rerum et.', NULL),
(208, 'Nicola Marquardt IV', 'alena.romaguera', 'blanda.glennie@fahey.com', '$2y$10$sLtT3G28aBNkpOZij/iSCexmbVE/DL90RGm2LxZhoo7JvhkRkrV8a', '1', '0000-00-00 00:00:00', 'Soniahaven', 'Barbados', 'H', NULL, NULL, '1', 'Cupiditate excepturi sed qui. Non animi sit consequatur nesciunt sint id. Placeat alias illum est dolor aut iure modi. Eaque saepe odit nulla quae voluptatem.', NULL),
(209, 'Rafaela Torphy', 'bbrown', 'hills.reva@hotmail.com', '$2y$10$jiiw7a2FiIJDMEEoWjfH.ugcp6CK4oF761b5V966bcJyUzw.G/esG', '1', '0000-00-00 00:00:00', 'Farrellshire', 'Zimbabwe', 'H', NULL, NULL, '0', 'Officia maxime consequatur quia est et et et soluta. Beatae est quos earum harum quisquam quasi. Fugit et ut vel tempora.', NULL),
(210, 'Dr. Leone Kreiger DVM', 'kemmer.jalen', 'hward@wunsch.com', '$2y$10$fkRQvtAjXCeD7ryvRYmnYOMyVb1KmQ0WVIqB9wdsLELk3bXMmLkLq', '1', '0000-00-00 00:00:00', 'Donnellmouth', 'Paraguay', 'F', NULL, NULL, '1', 'Neque dolores non veritatis enim beatae. Quo neque voluptatem non eum.', NULL),
(211, 'Kenneth Kihn', 'timothy.hermann', 'considine.rhianna@emard.net', '$2y$10$0uNuqR/s/HtJMtClQTDekOC.wzazaRlHgFT2TgAN4gqDKaTbB9Lai', '1', '0000-00-00 00:00:00', 'New Laurence', 'Congo', 'F', NULL, NULL, '0', 'Quaerat distinctio at sunt at. Atque doloribus veniam maxime velit consequatur maxime illo. Aut velit eius et ut. Fugit voluptatibus neque et amet quia.', NULL),
(212, 'Mr. Shane Zieme', 'xarmstrong', 'egorczany@bradtkeluettgen.com', '$2y$10$rGUhzICmJ60q1B1x6CyZve0ibQkBfx2b7MOBqkHdPrVkCh/hDRZkC', '1', '0000-00-00 00:00:00', 'Santinamouth', 'Rwanda', 'H', NULL, NULL, '0', 'Sed id voluptatum incidunt ipsam debitis dolores. Nihil sit fugit illo itaque facilis officiis quisquam. Odit doloremque quo odit labore.', NULL),
(213, 'Mr. Cecil Rice', 'hand.adela', 'tprosacco@rippinsteuber.net', '$2y$10$xt8mbADIDUUNm0doaddDjeCr.u33L/phu2m45bJbMGgWXW4z975Oi', '1', '0000-00-00 00:00:00', 'Janastad', 'Greenland', 'F', NULL, NULL, '1', 'Fugit minus voluptatem autem suscipit et non minus. Nisi repellendus optio blanditiis debitis dolores quos architecto eligendi. Nostrum consequatur neque dignissimos nemo nobis et tempora. Consequatur voluptatem cupiditate vero earum. Rem alias quod quod nam nobis non.', NULL),
(214, 'Thelma Kling Sr.', 'dubuque.hulda', 'dooley.griffin@farrellbradtke.net', '$2y$10$RF4wWrR.EwlJ8h4m.YOPA.SCLSYh0BlIuTpFAtF6tVqJQUX0HkdDq', '1', '0000-00-00 00:00:00', 'Josiahside', 'Bhutan', 'H', NULL, NULL, '0', 'Ea voluptatum saepe enim. Alias quam perspiciatis animi ad. Cum et et expedita ut beatae facere. Quia expedita sed sunt rerum.', NULL),
(215, 'Jasen Bosco', 'colten72', 'borer.austyn@nolan.com', '$2y$10$feI488NQ/z.YHYAfps7vLO1cmdfYBD46e6uF5wxm.KWI4OQ1H7gPq', '1', '0000-00-00 00:00:00', 'Corkeryview', 'Korea', 'H', NULL, NULL, '0', 'Illum omnis error culpa esse quasi. Commodi et explicabo alias corporis. Ut magni dolorem unde. Tempora praesentium est harum eaque quibusdam doloremque.', NULL),
(216, 'Camylle Ryan', 'dickinson.katharina', 'carolanne05@gmail.com', '$2y$10$EQ5EQHbQrMuwmIrpOQlerOVBT0QtEMYr14Vfb8Nyv0KglCYGkTTaS', '1', '0000-00-00 00:00:00', 'Homenicktown', 'Central African Republic', 'H', NULL, NULL, '1', 'Aspernatur assumenda impedit labore quibusdam esse. Culpa officiis laboriosam ad architecto fugit vero.', NULL),
(217, 'Mr. Torey Kuhlman', 'skiles.ayden', 'grimes.dennis@simonis.net', '$2y$10$cGwafIdT.1yT7UUWQb4L4O8fvhWtAbvNsZr9OMJh1LT58ZvGm3SUy', '1', '0000-00-00 00:00:00', 'West Mayra', 'Azerbaijan', 'H', NULL, NULL, '1', 'Ut sunt sit sequi deleniti alias voluptates omnis. Sed dolorem deleniti reprehenderit quam consequatur. Officiis molestias et ab libero iusto facilis cum.', NULL),
(218, 'Dion Oberbrunner', 'ricky52', 'buford.beer@stanton.info', '$2y$10$1yJdjvNXPuDeKFCaxXWBNuWXC2yBOYzbDCdyicHRCt37uPQ5J4Ibi', '1', '0000-00-00 00:00:00', 'Octaviaside', 'Venezuela', 'F', NULL, NULL, '0', 'Unde omnis et fugiat dolores. Cupiditate voluptas asperiores laborum corporis dolor. Ab qui ut dolores consectetur animi ut. Deleniti hic eum et ex est.', NULL),
(219, 'Rosamond Gibson', 'doris.mclaughlin', 'willms.monte@walsh.com', '$2y$10$ah0TycPTo7MgHRdF7gCJ9OK0TQAPNpMWvL8T2FQtQzvjv.05faxcO', '1', '0000-00-00 00:00:00', 'North Lindseyfort', 'Macao', 'F', NULL, NULL, '0', 'Quisquam ipsa omnis et enim est. Enim soluta necessitatibus qui beatae et qui nisi. Repellendus fugiat saepe laboriosam ipsam. Officia enim autem nemo beatae officiis voluptates et.', NULL),
(220, 'Mrs. Marlee Heathcote', 'owiza', 'michel59@yahoo.com', '$2y$10$PCpgfSZHccMG.HkTcJPw/eqsGsCfFNM3Y3HB5ugnJDfX.nHI6gikS', '1', '0000-00-00 00:00:00', 'McGlynnton', 'Greece', 'H', NULL, NULL, '0', 'Nisi et et nobis dolorum itaque aspernatur. Est aliquam qui rerum est qui soluta ipsa. Accusantium dolorum a nihil maiores dolorem.', NULL),
(221, 'Maeve Wiegand', 'fwalter', 'dhauck@fritsch.biz', '$2y$10$m2mYeZTPPmAMm/OsmMC55uXtzIKeuWptW6IRf1U2kDfUKxbJHCgV6', '1', '0000-00-00 00:00:00', 'New Loyaltown', 'Cambodia', 'F', NULL, NULL, '0', 'Dolores sit commodi minus libero recusandae officiis. Et asperiores quia fugit eos architecto. Vero ipsum ea commodi est officia et.', NULL),
(222, 'Leanna Bayer Sr.', 'fkertzmann', 'haleigh.hauck@howeschuster.com', '$2y$10$ArRa9P/K1m.VSSC6VvNITepd/HV33wRghXCOwBNLJdmDc6bMFIDq.', '1', '0000-00-00 00:00:00', 'East Shemarburgh', 'Kiribati', 'F', NULL, NULL, '1', 'Est aut omnis consequatur dicta atque blanditiis iure. Earum fuga non eveniet consequuntur eligendi esse qui. Dolor suscipit perferendis autem non natus. Voluptate possimus repudiandae similique fuga molestiae in doloribus.', NULL),
(223, 'Oleta Langosh', 'ford51', 'mbreitenberg@veum.biz', '$2y$10$kkkGkrVopwPL8bQFQqZRh.k7JQa7i/xio.ZGXn/X04GipM57KTC7G', '1', '0000-00-00 00:00:00', 'Lake Marcelina', 'Tokelau', 'F', NULL, NULL, '1', 'Dolor sed aliquam aut laboriosam. Adipisci vero sed velit cupiditate aut cumque et. Magnam nostrum deserunt magnam ad temporibus amet animi.', NULL),
(224, 'Ms. Bernadette Farrell', 'amber64', 'michael20@schneider.com', '$2y$10$4P5sy2gtg8hMIIxj4S9f2emThzzSPw4Cinym1yhSbzojAsy2oSURe', '1', '0000-00-00 00:00:00', 'Kozeymouth', 'United Arab Emirates', 'F', NULL, NULL, '0', 'In expedita veritatis sit earum reprehenderit id. Est corrupti et dolorum voluptatem. Sed praesentium qui et cupiditate non.', NULL),
(225, 'Angeline Homenick II', 'bquitzon', 'bergnaum.alexandro@paucek.info', '$2y$10$Aab0SZ9JdteMmxewU1IeBOUK7PzAmE7q3krVGp6aquzWXHxdWyKmO', '1', '0000-00-00 00:00:00', 'West Cordie', 'Congo', 'H', NULL, NULL, '0', 'Nobis sint vel facere cum sit eum. Quis consequatur ipsa esse. Voluptatem ut optio accusamus atque consequuntur saepe. Voluptatem voluptate occaecati consequatur provident et dolor vel.', NULL),
(226, 'Richmond Murray', 'bins.toy', 'madeline.romaguera@yahoo.com', '$2y$10$/s/.Qm2Z7mmDaJYRa.qZruzV94RrTZnJlLHOuAtzchDtjVv8bGnVe', '1', '0000-00-00 00:00:00', 'Port Rocioville', 'Timor-Leste', 'F', NULL, NULL, '0', 'Quia et reiciendis dolor itaque explicabo. Vero maiores nam et unde. Rem et ut sint commodi. Quisquam et quaerat culpa.', NULL),
(227, 'Elian Mueller', 'auer.susan', 'hgoyette@buckridge.com', '$2y$10$EMGT0jVcLdCPZ96TXRy4Heu9Srr.K3rSc/FYeToI5qLBvoGwagYKC', '1', '0000-00-00 00:00:00', 'Tarynstad', 'South Africa', 'F', NULL, NULL, '1', 'Quisquam numquam enim ipsum est pariatur. Explicabo sequi reiciendis neque dolores tempore aliquam quo. Officiis ut quisquam voluptatem molestiae.', NULL),
(228, 'Miss Edwina Klein V', 'janiya.heathcote', 'creola.klocko@yahoo.com', '$2y$10$LIsB/.NQgNqPwLeTCjOWt.j84Ea.h5Qqeok52AXO8K7d0xvhnN65W', '1', '0000-00-00 00:00:00', 'Medatown', 'Antigua and Barbuda', 'F', NULL, NULL, '0', 'Aut amet possimus rerum repellat illo. Aliquid delectus blanditiis veritatis ea. Ut consequatur quam id itaque.', NULL),
(229, 'Myrtle Fadel', 'alexandra84', 'muller.monty@gmail.com', '$2y$10$P9Vxyz5G83gpbLXAG6aibu/M7hEdau76ZSHx02XWeRPaDr4jG2YGG', '1', '0000-00-00 00:00:00', 'Port Annieland', 'Burkina Faso', 'F', NULL, NULL, '1', 'Voluptas maiores repellendus aut. Est eaque doloribus et eaque in vero. Velit et ipsam quis placeat rerum praesentium sapiente quis. Excepturi quia in quia non. Iure quia vel modi sapiente.', NULL),
(230, 'Cydney Harris', 'kathlyn05', 'princess95@gmail.com', '$2y$10$TO2IArsvFkoFAlBMrx6Tp.ngKrxTs2H5vLEx3EbSGH4Um2wweeJZS', '1', '0000-00-00 00:00:00', 'New Lilliana', 'Angola', 'H', NULL, NULL, '1', 'Necessitatibus consequuntur corrupti porro. Pariatur tempora vel non tenetur. Necessitatibus sed inventore modi facere aliquid. Ratione quisquam omnis ratione aspernatur.', NULL),
(231, 'Dr. Amiya Beatty', 'schiller.emily', 'armani.corkery@gmail.com', '$2y$10$JuwyNoNV6Tp8labf9nWz0OIjpMFdjlm0KxRVJ74.38VSX481XoGje', '1', '0000-00-00 00:00:00', 'Doraville', 'Switzerland', 'H', NULL, NULL, '1', 'Quia saepe dolorum sunt et. Eaque saepe suscipit est ut architecto quo sed architecto. Veritatis eum non cum quibusdam.', NULL),
(232, 'Bill Rolfson', 'eugene.bradtke', 'mikel.corwin@gmail.com', '$2y$10$afDCW9XN.AEPDGj0FOV0h.dIxwDsPSh5QWTMEsaGNBxjUXuya1LfO', '1', '0000-00-00 00:00:00', 'Port Breannaland', 'Brunei Darussalam', 'F', NULL, NULL, '1', 'Voluptate et voluptatem facilis officiis velit at. Et asperiores delectus autem maxime quo. In quasi accusantium sunt voluptatum quas dolores. Dolorum consectetur vel aperiam.', NULL),
(233, 'Mauricio Cole DVM', 'bill.fay', 'ymohr@gislason.com', '$2y$10$55XcXoEGF4poSbS6K9NH4u81YnpLo8U0McZm7HcZZIeH.OKUD4/S6', '1', '0000-00-00 00:00:00', 'Mitchellton', 'Malta', 'F', NULL, NULL, '1', 'Ipsa dolor cupiditate quas dolore mollitia. Dignissimos omnis velit id magni laboriosam et. Placeat quisquam molestiae tempora sequi vitae molestias.', NULL),
(234, 'Mr. Horace Botsford Jr.', 'danika.dibbert', 'moshe53@schmeler.net', '$2y$10$v3O2kcv1H.a86UYyR2So.OXxDD58jv7SMGeDMtZYYJMIilzUo1RTm', '1', '0000-00-00 00:00:00', 'West Titusmouth', 'Uganda', 'F', NULL, NULL, '0', 'Totam veniam deleniti magni. Nam rerum quos repellendus qui et ex. Ea ipsum tenetur minima aspernatur occaecati accusamus perferendis.', NULL),
(235, 'Boris Schamberger MD', 'ryan.peggie', 'nlegros@hotmail.com', '$2y$10$FhnD5xYbGwWTBfda2.TrnuHaP6.JjhcwJZgbc8frby.EhcdZ5t2w6', '1', '0000-00-00 00:00:00', 'Lake Deanna', 'Indonesia', 'H', NULL, NULL, '0', 'Quidem molestiae est et eligendi ratione perspiciatis iure. Quisquam sit placeat natus culpa consequuntur fugiat suscipit. Saepe reiciendis asperiores velit consequatur corrupti. Perferendis omnis vero et omnis recusandae odio laudantium.', NULL),
(236, 'Mr. Raven Glover', 'mercedes40', 'roxanne32@gmail.com', '$2y$10$5NBqFJk/lMN.UfFMfzCcCujDMEWA5K3DmwnGb4u4ps7U7u3xKpDma', '1', '0000-00-00 00:00:00', 'New Crystel', 'Eritrea', 'F', NULL, NULL, '1', 'Cum consequatur rerum voluptatem. Rem maiores id qui voluptas. Praesentium ex cupiditate soluta numquam assumenda eaque. Est quia molestiae tempore eum corporis.', NULL),
(237, 'Mrs. Janae Labadie', 'torn', 'leffler.elva@hotmail.com', '$2y$10$n2Dg.EFpYvHs/GIP1OP1F.nJM/dQXEyyZNZF/34DumQUpywi4YI0m', '1', '0000-00-00 00:00:00', 'Lake Isabelfurt', 'Iran', 'F', NULL, NULL, '1', 'Quis quia ducimus sed accusantium reprehenderit dolor. Molestiae dolorem laboriosam non non assumenda error. Repudiandae tenetur corporis aliquid facere. Sed nihil eum laborum ducimus velit. Quam ullam molestiae quo corrupti voluptatem.', NULL),
(238, 'Mauricio Kerluke', 'isadore19', 'elena98@hand.com', '$2y$10$4fLOvW1DjxcUTX4h1jFWauZc01uf.JnTXSxj2zdLGf3m69pAyQ6Dq', '1', '0000-00-00 00:00:00', 'West Raphael', 'Eritrea', 'F', NULL, NULL, '0', 'Omnis voluptatem animi nulla mollitia culpa ullam. Ut debitis quis quasi totam voluptas. Corporis voluptates vero illum saepe. Provident officia quas distinctio ut excepturi.', NULL),
(239, 'Leopold Konopelski', 'jaunita83', 'svonrueden@mertztromp.info', '$2y$10$3KSTugVOiRwCrQfD/sGC0eGVe5aysYS6Ft7dkdVgTNfDqgHJ0BWsy', '1', '0000-00-00 00:00:00', 'Effertzchester', 'United Arab Emirates', 'H', NULL, NULL, '1', 'Quo quo ipsa quidem reiciendis iste. Perferendis hic ut harum quia. Facilis sapiente et odio quis. Velit molestiae deserunt iste cupiditate unde repellat ab aspernatur.', NULL),
(240, 'Leland Casper', 'lysanne43', 'gardner.prohaska@heathcote.com', '$2y$10$QJl/EhNY.mizNPaWq4uFfeWQXeySSKkp5dQ7gFS20KFkIoLvuc55G', '1', '0000-00-00 00:00:00', 'Port Caterina', 'Burundi', 'H', NULL, NULL, '0', 'Autem corrupti dignissimos voluptatem aut maiores perspiciatis minima. Asperiores est molestiae amet iure rerum. At ipsam deleniti unde ea dolor et.', NULL),
(241, 'Cameron Corwin PhD', 'zfeest', 'whermiston@yahoo.com', '$2y$10$zo7elqWZgshCDIUW5iEXseazP1iRQSbsRMhCTW2xu5G6VZBZpw5QC', '1', '0000-00-00 00:00:00', 'Lake Caterina', 'Ecuador', 'F', NULL, NULL, '0', 'Nesciunt facilis perspiciatis unde quasi aut eaque illo. Consequatur aut recusandae provident ut et rerum quibusdam. Aut iure quis vel consequatur vitae atque similique.', NULL),
(242, 'Dr. Lizzie Sanford IV', 'sgaylord', 'maximo06@gmail.com', '$2y$10$dkWuXeOdJjXIq4YNJYqtkeh32NROQM1u6UrKBGQDaDF7qsFcAaciu', '1', '0000-00-00 00:00:00', 'Franeckifort', 'Ireland', 'H', NULL, NULL, '1', 'Cupiditate vel eius aut magni accusamus est quo. Corrupti quia voluptatem minima iste et odit reprehenderit. Enim numquam voluptatum explicabo magni quod non excepturi. In labore laudantium qui.', NULL),
(243, 'Prof. Ted Marvin', 'ullrich.davon', 'jayme.wolff@bergstromdeckow.biz', '$2y$10$gxWheG72gBRrhhFcuOWW2O3FWvcHzruBNpQez07DBQm0z4BNlw8eO', '1', '0000-00-00 00:00:00', 'Lake Kamrenland', 'Venezuela', 'H', NULL, NULL, '0', 'Eveniet magnam molestias magnam voluptas excepturi. Minima voluptatem omnis id totam. Cumque non atque facere.', NULL),
(244, 'Retha Fisher', 'kmorissette', 'britchie@eichmannbruen.com', '$2y$10$.KsMSgwkfcS28CgEM3lrFu8y4dU2spfDIXHgFgwzloD6sl.WQSCBG', '1', '0000-00-00 00:00:00', 'West Sethstad', 'American Samoa', 'F', NULL, NULL, '0', 'Voluptatem incidunt architecto nesciunt voluptatibus perferendis. Accusantium quia voluptate dolores autem. Molestiae natus quibusdam voluptatem dolor.', NULL),
(245, 'Martine Welch', 'diego36', 'o''reilly.brianne@gmail.com', '$2y$10$OfHKwGgrujlUKlPbbi3lIOfCgA18wO6yZBtnNGzwMFzaRpinJ2ig2', '1', '0000-00-00 00:00:00', 'Omafort', 'Armenia', 'F', NULL, NULL, '1', 'Nostrum assumenda optio sunt totam mollitia. Tempore porro ratione error ut. Fugit non ut non quisquam quos. Asperiores est optio rem et. Similique provident ducimus qui.', NULL),
(246, 'Dangelo Bailey MD', 'hartmann.ally', 'newton99@yahoo.com', '$2y$10$N2hoy8guovTvI4BHWefFCOyutyad.zkxC84OqOnwXu/DJ08nLdGRy', '1', '0000-00-00 00:00:00', 'Lake Liliana', 'Algeria', 'F', NULL, NULL, '1', 'Omnis voluptatem voluptas possimus dolores repellat quod delectus. Maxime ad dicta perspiciatis excepturi assumenda rerum et. Quae a alias et magnam et dolorem. Molestiae incidunt corrupti officia.', NULL),
(247, 'Miss Rosalyn Zieme', 'nannie22', 'sheridan35@hegmann.com', '$2y$10$zA2zH5ZhjA2QeNLkTZM8iOWqT6Xb0XShK53gVg17EA9vJ85tu7ypK', '1', '0000-00-00 00:00:00', 'D''Amoreside', 'French Southern Territories', 'H', NULL, NULL, '1', 'Aut quae iusto omnis ab commodi. Id et voluptas mollitia. Aut aliquid reprehenderit et architecto. Ut illo quis aut voluptates aut.', NULL),
(248, 'Dr. Leopold Bruen', 'gmarks', 'cummerata.darion@leuschke.com', '$2y$10$NQVjfgzbrRfiePGoGy0sL.IFtVkOZBa4ALItM6V/QPsDoanNryGJ.', '1', '0000-00-00 00:00:00', 'Martineport', 'Cape Verde', 'F', NULL, NULL, '1', 'Ut provident voluptate id molestiae. Temporibus porro ut voluptates. Tenetur non beatae nostrum mollitia veniam placeat consequatur.', NULL),
(249, 'Vanessa Green', 'rfeest', 'alanis67@gmail.com', '$2y$10$v6frk11fIGieHoyCfCJipOzl2BxED209Gk48RxJuGdZhz9tblH9dy', '1', '0000-00-00 00:00:00', 'East Lethaview', 'Swaziland', 'F', NULL, NULL, '0', 'Dolores numquam alias consectetur voluptas aut. Qui enim corrupti delectus. Praesentium omnis culpa quia et et. Est et totam neque velit.', NULL),
(250, 'Gina Runte', 'jordane.gottlieb', 'wilkinson.eldora@huels.com', '$2y$10$rQOEHPV02JgrPCoLvswQ6eQ5QQocXNUmnoj153ojwDBW2aYMyN/cm', '1', '0000-00-00 00:00:00', 'Calistafurt', 'Kenya', 'H', NULL, NULL, '0', 'Ab autem vel ea fugiat ex non. Modi dolor aut mollitia est. Assumenda nobis iusto architecto voluptatibus accusantium et. Inventore doloremque aspernatur nihil sed.', NULL),
(251, 'Randy Mohr', 'borer.earlene', 'olson.neva@hotmail.com', '$2y$10$OhQZGAX7HgLLWE83FJ1A8ONCUIcHveFM/Tny40sk9ej0ozc.I.K4W', '1', '0000-00-00 00:00:00', 'Port Mazieview', 'Denmark', 'F', NULL, NULL, '1', 'Quo sequi laborum sapiente consectetur fugit laboriosam. Voluptas et temporibus quibusdam voluptatem aut. Nisi rem dolores vitae rerum. Adipisci officia dolor provident aut consequuntur asperiores.', NULL),
(252, 'Turner Rogahn', 'mann.asia', 'zboncak.kole@gmail.com', '$2y$10$11oqWuidfGD77HtwLqGNOuOPm9NBZb9ZkR0FHPA5x4s8lC4mAWCfm', '1', '0000-00-00 00:00:00', 'Cheyenneborough', 'Mexico', 'F', NULL, NULL, '0', 'Aspernatur eum molestias dolorum. Aut facilis consequatur et expedita est autem. Inventore est commodi omnis esse rerum. Impedit sint blanditiis et vel totam.', NULL),
(253, 'Prof. Thora Runolfsdottir', 'bthompson', 'ghudson@hoppe.info', '$2y$10$9ULHsHBLCkXotTZ5eCnvseMIdu28i.J7QWnuWhnSQYQo.sh5AWg0.', '1', '0000-00-00 00:00:00', 'East Jaymetown', 'Tokelau', 'H', NULL, NULL, '1', 'Laborum eligendi aut blanditiis dolorem quo magnam non. Omnis optio dicta vel eaque nulla. Enim vitae rerum qui.', NULL),
(254, 'Dr. Maya Kris II', 'halle81', 'melba.dickinson@weber.org', '$2y$10$cxJ6NhUu9tjvGpmFLW1in.GYltagAkSR0b0PRuGB4lYgR2Eu6eUQS', '1', '0000-00-00 00:00:00', 'South Ferne', 'Samoa', 'H', NULL, NULL, '1', 'Expedita sit sint sapiente ex laboriosam numquam voluptates. Iure mollitia ex facere aperiam beatae provident. Adipisci optio sint ratione quia qui quas assumenda.', NULL),
(255, 'Ila Steuber', 'paris.leffler', 'lhoppe@gmail.com', '$2y$10$/OiEnrDwI.WcfqPMi3Lz8OPJY4ztzBHmedzqebhGvY4kcOKsXcA7S', '1', '0000-00-00 00:00:00', 'Lake Wilma', 'French Southern Territories', 'F', NULL, NULL, '1', 'Sunt quisquam autem rem reprehenderit. Quis animi omnis debitis neque pariatur sunt hic.', NULL),
(256, 'Mr. Xander Jerde', 'jast.lynn', 'white.nicolette@deckowbeahan.net', '$2y$10$GIsM/00DPPIOJwDUrMnCoe29eXClqZJHfuUIFsxkdw3h5bSwIobRe', '1', '0000-00-00 00:00:00', 'West Brandifort', 'British Virgin Islands', 'F', NULL, NULL, '0', 'Id est quia quo et ab voluptate eius. Et velit et earum quo sequi. Quia molestias sunt ex repudiandae repudiandae. Voluptas laudantium aut esse commodi.', NULL),
(257, 'Mrs. Eda Will IV', 'joel.o''conner', 'zulauf.rubie@gaylord.net', '$2y$10$VP6lyShQ2icqwZOkkhFhO.f4FONEFJOsn73QsVB57krWK6DXIFx/.', '1', '0000-00-00 00:00:00', 'New Lexiside', 'Armenia', 'H', NULL, NULL, '0', 'Exercitationem culpa ad quis. Doloribus numquam incidunt sit harum odio accusantium velit ut. Quo qui sit consectetur eos. Voluptas possimus at aut rerum nulla.', NULL),
(258, 'Brannon Vandervort', 'cristopher.grant', 'orland55@gmail.com', '$2y$10$EOpBAjDOcSJ0jvGB.9Ye1O3g4FR08NBPs2e.HWLaphqGCSKJhyCvy', '1', '0000-00-00 00:00:00', 'Bobbieport', 'Norfolk Island', 'H', NULL, NULL, '0', 'Fuga velit ratione aut. Aperiam ipsa blanditiis voluptatum delectus excepturi sed. Fugiat sit ad voluptates aut.', NULL),
(259, 'Mr. Carmelo Hamill DVM', 'no''connell', 'kozey.doyle@gmail.com', '$2y$10$y2/9yd9N7z10OdHzDp89mOOOiwNUZxDmtPv3qOxH4ExSwZlHwx2uK', '1', '0000-00-00 00:00:00', 'Goodwinstad', 'Liberia', 'F', NULL, NULL, '1', 'Sed expedita vitae eveniet dolorem unde. Harum nobis veritatis unde qui consequatur. Et molestias soluta atque sit occaecati nostrum sunt cumque. Maxime quasi non impedit aspernatur et eligendi.', NULL),
(260, 'Elvie Schowalter', 'stiedemann.glenda', 'corwin.stefanie@hotmail.com', '$2y$10$SvZS7OCXK51lT0LRpy0eS.VWO5cT8BNz6Wvu2fOtlMUXvpYLnR5HG', '1', '0000-00-00 00:00:00', 'Trinitystad', 'Comoros', 'F', NULL, NULL, '1', 'Eos cum deleniti cupiditate quisquam sed. Dolores sed qui distinctio quod aut vel sint. Reprehenderit quod iure doloribus consequatur. Incidunt quibusdam porro a ratione qui.', NULL),
(261, 'Claudie Friesen', 'kasandra02', 'malinda.klocko@durgan.com', '$2y$10$d30bCdai56BhTrOURGQ04.HbLY5cQ2I6tJO2VfF1h3W7HKM7xApW6', '1', '0000-00-00 00:00:00', 'Vicentafurt', 'Senegal', 'H', NULL, NULL, '1', 'Quia deleniti eos earum autem voluptas. Temporibus rerum quidem dolores sunt laudantium temporibus dolorem. Et dolorum sed voluptatibus quis est illum nulla.', NULL),
(262, 'Mr. Carol Stroman Jr.', 'emerson16', 'wlebsack@reynoldslesch.info', '$2y$10$bcEbn5MCvP4ICJ2lhCs3WOZODTh4lRdbMcVPPRamwXnx962WuRHu6', '1', '0000-00-00 00:00:00', 'Port Madonnafort', 'Lebanon', 'F', NULL, NULL, '1', 'Sit aspernatur assumenda et non vel. Id amet aspernatur eos aut nisi quisquam. Quo at voluptatibus consequatur officia ut consequuntur et. Nemo ut excepturi accusantium labore consequatur amet tempora.', NULL),
(263, 'Geovanny Cole MD', 'casper.jewell', 'helga.medhurst@wuckert.com', '$2y$10$DdUk2e1EWXU/CuHoZueU3uQ98TKARPdiyHXF8dpfn6DdTCoAck1jO', '1', '0000-00-00 00:00:00', 'Lake Rosalindborough', 'Montserrat', 'H', NULL, NULL, '1', 'Laudantium minus omnis sed eum suscipit eveniet veritatis. Sed quis optio et cumque iusto. Vero quos rerum ad facilis.', NULL),
(264, 'Prof. Marvin Schmitt DDS', 'anderson.pauline', 'slemke@schuster.org', '$2y$10$x63QJJe4ZiJXWkOhBDWNf.Z7A9mT1yYXptnqbSgWyRcC3xhkAExC.', '1', '0000-00-00 00:00:00', 'Quitzonchester', 'Norway', 'F', NULL, NULL, '1', 'Sint molestiae veritatis aut earum. Dolore recusandae illum autem molestiae nulla molestias nihil quibusdam. Numquam atque omnis sed et alias assumenda adipisci voluptas. Excepturi exercitationem quas aut deserunt.', NULL),
(265, 'Sedrick Okuneva', 'ieffertz', 'lulu29@hotmail.com', '$2y$10$Ua60ooxAq6LT/oyK.vVB6OtusJhu/rDMIMA2TtDRKn6ExEXlYGBYC', '1', '0000-00-00 00:00:00', 'Zakarytown', 'Russian Federation', 'F', NULL, NULL, '1', 'Eaque eius aperiam culpa ut. Totam omnis debitis et corrupti. Reprehenderit iste illum repellendus voluptatem qui natus praesentium assumenda. Sequi aut animi reiciendis non ipsa in occaecati.', NULL),
(266, 'Taya Powlowski', 'bruce54', 'clakin@yahoo.com', '$2y$10$Fp5FQIYSyHLsE//L62uGj.CQVODjfhFx4knECTyen5G0UuvwQADQq', '1', '0000-00-00 00:00:00', 'Emardview', 'Cape Verde', 'F', NULL, NULL, '0', 'Rem fugit consequatur iusto dolorum quis quasi a. Omnis quae eum velit esse harum deleniti. Minus minima quia quis laborum aut. Incidunt reprehenderit facere et culpa vel maxime et. Et est ut libero possimus iste ratione consequatur rem.', NULL),
(267, 'Manley Mohr V', 'tremayne.little', 'myrtice.ryan@hotmail.com', '$2y$10$lwx7YntRoAIhvt6p./vLm.1HPL85HDs/e.ZYb86TWI0BWbsQHL8ze', '1', '0000-00-00 00:00:00', 'Nicolasview', 'Bouvet Island (Bouvetoya)', 'H', NULL, NULL, '1', 'Mollitia sapiente blanditiis tempore minima ea. Suscipit quam fuga similique eius aut ab. Vel fugit aut occaecati accusamus enim. Nulla deleniti doloremque voluptas pariatur quia nihil qui. Veniam quia sit ex sit asperiores beatae.', NULL),
(268, 'Miss Hillary Gleason', 'daren.leannon', 'ellsworth.turner@bayerbatz.com', '$2y$10$S6lIhApogm38gF1dBQC5VeRAWRDJ1ZkzRxXoZKiOO5VzMmLM/lRbe', '1', '0000-00-00 00:00:00', 'North Jace', 'Svalbard & Jan Mayen Islands', 'F', NULL, NULL, '0', 'Molestias voluptatem error repellendus nam. Eius occaecati occaecati accusantium aperiam dicta molestiae. Voluptas omnis non harum. Voluptate soluta qui voluptatem veniam quasi voluptatem.', NULL),
(269, 'Dr. Norbert Rowe I', 'lauren.wilkinson', 'lisette06@hotmail.com', '$2y$10$2IlLrk/SMYFbkBRS0ecTqe.Nrzhn.3HOqla3Xgl4UnbPkFQEhnY9e', '1', '0000-00-00 00:00:00', 'North Kyla', 'Isle of Man', 'F', NULL, NULL, '0', 'Provident ut id aut. Sunt sunt et facere animi. Aut sequi autem assumenda possimus quibusdam eum non soluta. Explicabo et commodi ut eos omnis dolores. Voluptates fuga quas omnis est distinctio ipsa iure.', NULL),
(270, 'Bart Fadel', 'easton16', 'hirthe.sammie@brekkeledner.biz', '$2y$10$WJkMqkB71bTA4q61Pv9LY.cic4YrwqM5G6xf3h37pdxwwIfsbJWSi', '1', '0000-00-00 00:00:00', 'Schadenshire', 'Guernsey', 'H', NULL, NULL, '0', 'Quas eum ut voluptas doloribus quaerat. Reprehenderit similique non qui iusto. Id voluptatum ut nam.', NULL),
(271, 'Gabrielle Greenholt', 'mdicki', 'dakota73@hansen.com', '$2y$10$nRcRfpUfXJv4hxEC6qVi1up/tftK5ePqR1wutmyxjpVJGI5MzMDJi', '1', '0000-00-00 00:00:00', 'Klingfurt', 'Myanmar', 'H', NULL, NULL, '1', 'Ullam aliquid non rerum minima aut laborum qui. Quis dolor quasi vitae quo sunt modi nesciunt. Repellendus et nihil explicabo aperiam.', NULL),
(272, 'Prof. Collin Marks Jr.', 'eprice', 'turner52@hayes.biz', '$2y$10$ymLjHboUqN4GHZe0iead..E0CMjGlHUiy28pUYzONjc3yNMhBrEdS', '1', '0000-00-00 00:00:00', 'New Saige', 'Central African Republic', 'F', NULL, NULL, '1', 'Velit itaque porro neque ducimus eligendi quis minus. Sed vel nam qui optio. Ratione pariatur ducimus eius ea doloribus officiis aut. Facere omnis velit est rerum necessitatibus eum.', NULL),
(273, 'Evie Boyer', 'christiansen.zelma', 'vivienne.fisher@hotmail.com', '$2y$10$vEft4jqSq2WiDDmZCmT1IuSZLvU5ELxnfGSCd.8QkpInLh3424tqq', '1', '0000-00-00 00:00:00', 'Belletown', 'Venezuela', 'F', NULL, NULL, '1', 'Perspiciatis consequuntur adipisci minus molestiae. Ut voluptatum voluptatem rerum. Laboriosam natus corrupti rerum iusto.', NULL),
(274, 'Dr. Llewellyn Feeney III', 'ruben.koelpin', 'zieme.ila@gusikowski.com', '$2y$10$OxkjXGuS6clmcjeWsanW.uKJkweNGO1XqkBC3fCk9g9jMSmiteedW', '1', '0000-00-00 00:00:00', 'Stuartshire', 'Mauritania', 'F', NULL, NULL, '0', 'Nulla ipsam vel id quisquam dolor impedit. Non soluta tenetur asperiores. Quae ut eos dicta. Est doloremque similique quia ut.', NULL),
(275, 'Mrs. Margaret Corkery Sr.', 'obahringer', 'ymarks@yahoo.com', '$2y$10$COLCaYsJ1/yFMB6au09aQOWnw4lGKJ2l3o2d8RUGyDJYRz0X22Wc2', '1', '0000-00-00 00:00:00', 'Kaleighshire', 'Malta', 'F', NULL, NULL, '1', 'Consequatur sint sed suscipit repudiandae repudiandae qui cum. Ad laborum autem quasi est.', NULL),
(276, 'Mrs. Bonnie Strosin', 'lboehm', 'brennon.dickens@ritchie.biz', '$2y$10$HLX8mx2ntV8qZHL9lNceoeDE4P1Z1saDWN5F7ONAHd16lgyQ6YRRC', '1', '0000-00-00 00:00:00', 'Devonville', 'Sri Lanka', 'H', NULL, NULL, '0', 'Corporis possimus culpa nobis qui excepturi. Quod enim corporis consequatur cupiditate amet cupiditate nisi. Dolores reprehenderit enim eligendi est aliquid. Temporibus sunt magnam fuga.', NULL),
(277, 'Ashly Rogahn Jr.', 'wkulas', 'billy.mccullough@gmail.com', '$2y$10$eoLrHixYhcv8Sf8C2EXW5uUTNHQ5LYlqnja16KgMX7XdrPdX.biAu', '1', '0000-00-00 00:00:00', 'Balistrerichester', 'Jamaica', 'H', NULL, NULL, '0', 'Perspiciatis minus saepe cumque tempora nesciunt. Ab modi et cum quidem est ipsam. Eum numquam cupiditate corporis rerum doloribus qui. Asperiores atque et quia aut. Illo voluptas sit dolor voluptas ipsa ut tempora.', NULL),
(278, 'Sigmund Hilll Sr.', 'walter.aufderhar', 'katrine80@yahoo.com', '$2y$10$NjgAtBeu4kvxWVxg3tAdGePxRWx1fqu9dQ8r.J8QwTVFJh4DA9OSu', '1', '0000-00-00 00:00:00', 'South Lelah', 'Bermuda', 'F', NULL, NULL, '0', 'Voluptatum excepturi non fugiat nihil. Perferendis ipsam quis vel at optio et eligendi. Quo vero assumenda delectus quasi nemo voluptate impedit.', NULL),
(279, 'Janie Langworth II', 'srogahn', 'georgette.kuvalis@wuckert.biz', '$2y$10$vmCDuM1mZ9TwTcIaxmviWO0V4woSTeqMIcv//icPrY8zLCzTK4Q6y', '1', '0000-00-00 00:00:00', 'East Adelinebury', 'Norway', 'H', NULL, NULL, '1', 'Facere accusamus sit rem quidem id nulla ut. Dolorem nihil nulla non neque nam numquam. Aliquid et numquam autem eveniet numquam nemo. Ex et mollitia nihil voluptatem.', NULL);
INSERT INTO `users` (`id`, `name`, `pseudo`, `email`, `password`, `active`, `created_at`, `city`, `country`, `sexe`, `twitter`, `github`, `avaible_for_hiring`, `bio`, `avatar`) VALUES
(280, 'Valentina Rau', 'dubuque.delphine', 'alexa71@mccullough.com', '$2y$10$8VRVwrMp1zfvTX9dbKn2cOkP1A2729N7Bw.iKNJ7NhLrSza6puQeG', '1', '0000-00-00 00:00:00', 'Edgarton', 'Egypt', 'H', NULL, NULL, '1', 'Quia rerum non mollitia magnam iusto doloribus tempora. Doloribus consequuntur pariatur sint. Quia corporis corporis consequuntur officiis.', NULL),
(281, 'Duncan Pfeffer', 'jhermann', 'jayce55@yahoo.com', '$2y$10$4KwEB8tW7XKo27K.zDAUv.bZn4TNbUWbOXjtiNLxZ.S4UfsyF/Zyu', '1', '0000-00-00 00:00:00', 'Bodeport', 'British Indian Ocean Territory (Chagos Archipelago)', 'F', NULL, NULL, '0', 'Cupiditate molestiae mollitia rerum voluptatum blanditiis sed ut. Maiores mollitia excepturi dolores ut fugiat debitis. Repellat delectus ut sit neque. Est quae impedit velit quas nisi numquam.', NULL),
(282, 'Gladys Hilll', 'qdeckow', 'marisa53@yahoo.com', '$2y$10$tVXGvfNI3ovVImqXT89.NOpQQYaK8bXjGQMHkf2DWr8zo5entDx4K', '1', '0000-00-00 00:00:00', 'Schowalterville', 'Angola', 'H', NULL, NULL, '0', 'Ipsa et accusantium corrupti similique. Nulla animi magnam quibusdam incidunt nisi. Ea perspiciatis hic temporibus laborum. Dolor quasi ex nobis ipsa.', NULL),
(283, 'Melvina Donnelly', 'lilyan08', 'gleason.jovani@heathcote.com', '$2y$10$2Umh66ycSchYK5UqdGtOjOg1tWKFjS5zmNbI8j9Hw/r3kI7XhtHtO', '1', '0000-00-00 00:00:00', 'Corkerytown', 'Antigua and Barbuda', 'H', NULL, NULL, '0', 'Voluptatem laudantium commodi et quis. Et neque quos suscipit eos sed et natus. Harum rem molestiae tenetur est. Aliquam minima sint molestias. Aut fugiat numquam ab quia.', NULL),
(284, 'Petra Kuvalis', 'nella.lind', 'ulittel@gmail.com', '$2y$10$qMgAmUxeILRKXFbwwbvqlemxjnGXKAcz5JZy8fjUD2wn.VgkdoLVq', '1', '0000-00-00 00:00:00', 'New Enola', 'Tunisia', 'H', NULL, NULL, '0', 'Impedit nihil sequi ut exercitationem in architecto dicta. Quibusdam maxime quis architecto quo consequuntur eaque quae quia. Quas laboriosam debitis cum dolorum quas consectetur. Quis dolor odit autem sit enim.', NULL),
(285, 'Mr. Grayce Russel', 'linda.zboncak', 'zgrimes@gmail.com', '$2y$10$6wmd/BJDinLepN641Afg2uGI3qSC1ILbJMeBInoby9NOFli3WFbt2', '1', '0000-00-00 00:00:00', 'New Isomchester', 'Chad', 'H', NULL, NULL, '0', 'Molestias corrupti a sed et qui voluptatem placeat qui. Atque nihil dolorem assumenda. Incidunt quos non perspiciatis at officia quaerat adipisci. Et reiciendis pariatur qui qui et.', NULL),
(286, 'Susanna Lakin', 'edaniel', 'zulauf.shaniya@jaskolski.biz', '$2y$10$zkDFM9GnkCz.eJz0QVQome5ZAhTQ9TEolwtjD1zS381lses/K.wXa', '1', '0000-00-00 00:00:00', 'Verlieside', 'Senegal', 'H', NULL, NULL, '0', 'Consequatur consequatur magnam eos voluptas. Deserunt aspernatur autem tempora nemo iure rem.', NULL),
(287, 'Vincenza Miller', 'xgerhold', 'lilly.kuvalis@hoegerhammes.net', '$2y$10$K9i3FtUkRbKykvxuVTI5duCed35XYuhmqhyNEF/R3L0OLZewhVli.', '1', '0000-00-00 00:00:00', 'Marquardtmouth', 'Macedonia', 'H', NULL, NULL, '1', 'Voluptatem quis beatae ipsum enim occaecati necessitatibus aut. Quas beatae asperiores consequatur voluptates voluptatem officiis. Qui repellendus ad omnis ipsa. Distinctio a facilis sint ea.', NULL),
(288, 'Ms. Heather Bosco I', 'grover.dooley', 'brycen.stiedemann@gmail.com', '$2y$10$/6szRMHCumUkwPEWwOuW/OdfW4UTYmuD7u.Vi47EAk0.wZ0r6pjpa', '1', '0000-00-00 00:00:00', 'Gusikowskiburgh', 'Cuba', 'H', NULL, NULL, '1', 'Quos iure totam ad ullam sint. Ipsam non vitae quod reiciendis similique. Dolorum cupiditate in commodi necessitatibus non.', NULL),
(289, 'Zachary Price DVM', 'keenan.hamill', 'cortiz@boganking.com', '$2y$10$HKNoAI2xH.cTA73nyrBueeEceOaBtjTnHI6Q8X5UWQFK0EaAChS7q', '1', '0000-00-00 00:00:00', 'Port Camilleland', 'United States of America', 'H', NULL, NULL, '1', 'Est nemo quis reprehenderit commodi et et. Et nisi eaque commodi voluptas. Dolor optio rerum quaerat sunt.', NULL),
(290, 'Lavonne Cormier V', 'justyn.nicolas', 'carlotta.kshlerin@yahoo.com', '$2y$10$NiCH5zcWOvNSrXYcgCpBPOgHxgHuHRsJfjKbA7C4OZ4I0sYI.jtkG', '1', '0000-00-00 00:00:00', 'Orrinhaven', 'American Samoa', 'H', NULL, NULL, '0', 'Id cupiditate officia quidem enim sed ratione enim tempora. Quisquam vero ratione ut vitae delectus et iure. Quis aut eum voluptatem.', NULL),
(291, 'Miss Rosalee Marquardt', 'lilly.douglas', 'pacocha.jon@hotmail.com', '$2y$10$ffpYQTiYTqbVvkIkssfZzuykznT2d/yJ84aNBhbyntl7sahIRZy0e', '1', '0000-00-00 00:00:00', 'Lake Felixbury', 'Bahamas', 'F', NULL, NULL, '0', 'Perspiciatis rem id dolores et eum est. Non dolore quae pariatur unde error et accusantium amet.', NULL),
(292, 'Mr. Moises Tromp', 'lisa65', 'tre.pfeffer@gmail.com', '$2y$10$WLgwpdFzP9uxrd/ZtbOqZ.ZCFv6AVuTh3nHlNg5PMIOsDCuxXGSJG', '1', '0000-00-00 00:00:00', 'Nadermouth', 'Tunisia', 'H', NULL, NULL, '1', 'Non qui recusandae voluptas reiciendis consequatur. Possimus quas perspiciatis non aliquid ipsum possimus. Iusto maiores qui consectetur non quod velit velit et.', NULL),
(293, 'Eda Marvin', 'zack.hamill', 'dewitt25@ornlegros.com', '$2y$10$V.qriDSBFB0yMLyr/NX7uuC069opYRkvP5ScZohI4wun.V6qck/Ry', '1', '0000-00-00 00:00:00', 'East Gertrudeton', 'Bulgaria', 'H', NULL, NULL, '1', 'Provident explicabo velit nobis. Iusto ullam dicta mollitia enim sunt perspiciatis totam. Aut sint ex consequatur et dolorum. Ducimus blanditiis rem voluptatem.', NULL),
(294, 'Prof. Alfonso Keeling I', 'oblock', 'hhaag@tillman.info', '$2y$10$ou6FIpWhq3uSFtL5pszhp.s50JJQaOPxKiymNdIdwEQ5soeoUx92S', '1', '0000-00-00 00:00:00', 'Lake Jadon', 'Gibraltar', 'F', NULL, NULL, '1', 'Laudantium ut nobis similique voluptate. Et maxime sed facere voluptatibus aut eligendi explicabo et.', NULL),
(295, 'Amparo Rice', 'wilfred05', 'frieda21@gmail.com', '$2y$10$f7yV05aURmMMTQfKm3O7We.yj0JHuznnHQoo0fEUpNvKpUbBReOpe', '1', '0000-00-00 00:00:00', 'Maggioburgh', 'Nepal', 'F', NULL, NULL, '0', 'Ut pariatur aut doloribus. Odio optio voluptates voluptatibus ipsam minima. Consectetur modi maxime voluptas ut pariatur.', NULL),
(296, 'Warren Lebsack', 'ferne.mann', 'ulindgren@gmail.com', '$2y$10$KVUWvxwXgWghMlSCXST9cOnX9PU8c6qkQhrATMAnz5bfNt2aois3m', '1', '0000-00-00 00:00:00', 'North Andymouth', 'Grenada', 'H', NULL, NULL, '1', 'Aut voluptatem consequatur autem sunt. Ducimus quo assumenda corrupti quo. Id necessitatibus dolor consequatur voluptatem.', NULL),
(297, 'Luna Schulist', 'bennett20', 'delores.reichert@gmail.com', '$2y$10$xJj06oo5xpt1NqrHrkCsfOg43nr1rZUaEJJ8HuRNrOMPKNOJjYc3C', '1', '0000-00-00 00:00:00', 'Langoshchester', 'Bhutan', 'H', NULL, NULL, '0', 'Et repellat omnis eaque ut. Quia non veniam nobis dicta et eos.', NULL),
(298, 'Mr. Roscoe Mosciski DDS', 'ybrown', 'isaias.gulgowski@parisianboehm.com', '$2y$10$r3FfaIkxfEGGYUEvfpwowOqn.1SltRYoW9IgPpfm04xmsoF7SYI7.', '1', '0000-00-00 00:00:00', 'South Adrienberg', 'Iran', 'F', NULL, NULL, '0', 'Illum sunt quam et in. Sequi vero harum qui voluptatem. At eligendi qui officia aspernatur placeat.', NULL),
(299, 'Ms. Kailee Mraz Jr.', 'wilma62', 'kshlerin.elsie@yahoo.com', '$2y$10$Ifc5EWMSs8Bfs1SQqtGN5.BoH.fXxhf1L.rIlRWN.CHD2zzV.G2sO', '1', '0000-00-00 00:00:00', 'West Bulah', 'Falkland Islands (Malvinas)', 'H', NULL, NULL, '0', 'Fugiat eos culpa eveniet. Necessitatibus occaecati natus error voluptatum minima non et consequatur. Dolores dicta id dolores inventore ut qui quam quo.', NULL),
(300, 'Armani Prohaska', 'shaylee73', 'cleo38@gmail.com', '$2y$10$ETvI5ymcAtFsabK8/4HZr.uIwcyRUm1aHLLd3vvirr8IauJdnzI/2', '1', '0000-00-00 00:00:00', 'New Brendan', 'Bahrain', 'H', NULL, NULL, '0', 'Iure qui at sit impedit velit provident rerum autem. Porro exercitationem ea voluptatem ut corporis magnam. Fuga rerum facilis soluta. Et corrupti deserunt consectetur ipsam tempore ipsam et.', NULL),
(301, 'Cara Ledner', 'bridgette.lind', 'tzboncak@gmail.com', '$2y$10$PNVkG8opESC1LUjEpD2zGuMqhtxRV21.yHvloBpl.jT8MRhcM51YG', '1', '0000-00-00 00:00:00', 'Torphyport', 'Bosnia and Herzegovina', 'F', NULL, NULL, '0', 'Delectus nostrum et quaerat est quia. Sint et quas mollitia sapiente. Qui porro et et reprehenderit voluptatibus. Inventore iusto sit et et et numquam.', NULL),
(302, 'Arnulfo Schiller', 'fanny.hettinger', 'connie.hilll@yahoo.com', '$2y$10$/vmI267PW66XTLQe57AmR.yqi.zw5dVULQh6CvaoBDI8UfJayn.Da', '1', '0000-00-00 00:00:00', 'North Luis', 'Bermuda', 'H', NULL, NULL, '1', 'Corporis est molestias corporis sint vitae tenetur dicta. Non similique iure voluptas impedit. Maiores provident totam sed aut dolorem laudantium exercitationem.', NULL),
(303, 'Christophe Schuster', 'bbrekke', 'una76@yahoo.com', '$2y$10$Vxuu/w/LjsaSgsH62vB5C.eH1PwBBw/6Pt3qdVvzOxeBnZquas1ca', '1', '0000-00-00 00:00:00', 'Lake Orion', 'Morocco', 'H', NULL, NULL, '0', 'Officiis autem dignissimos sapiente quia. Nisi eos maxime sed harum quia consequatur ad. Dolore optio veniam eum vero.', NULL),
(304, 'Judah Ruecker', 'clifford08', 'telly.streich@tromp.info', '$2y$10$N5XY6SU1KDY8JIOVIhHSjOlcW55xhgfDMBQI166Gb.feGSuVsJCeW', '1', '0000-00-00 00:00:00', 'Freidahaven', 'Congo', 'H', NULL, NULL, '0', 'Accusantium eos porro odit perspiciatis. Magni quisquam impedit tenetur ipsum.', NULL),
(305, 'Lawrence Feest', 'mwisozk', 'uzulauf@flatleydicki.com', '$2y$10$b0DZ7iwMGYmv/F9TU81XMefjXpO3vhjkTUkTIVgW9mL5/IGiIunhO', '1', '0000-00-00 00:00:00', 'Lake Naomiefurt', 'Chile', 'F', NULL, NULL, '0', 'Nisi quos nulla veniam voluptas sapiente. Ut voluptatem dolorem et minima rerum doloribus eum aut. Neque est possimus qui reiciendis. Soluta optio non ut est.', NULL),
(306, 'Candelario Macejkovic', 'klind', 'eula87@spencer.org', '$2y$10$u010MkeQPO7YArWOXSejtOw9APwr7sN7MTw/Bfw6P0KAPrUEMcLL2', '1', '0000-00-00 00:00:00', 'South Josefaside', 'Pakistan', 'F', NULL, NULL, '1', 'Recusandae doloremque occaecati nobis iste sit. Libero hic fugiat nobis. Qui nulla vero voluptatem error qui. Saepe provident impedit vel commodi excepturi eaque rem.', NULL),
(307, 'Clarabelle Littel', 'lonnie35', 'zgleason@hotmail.com', '$2y$10$zH4aXzZV0.GhQ8vdvVUY7ebybDaSWOLsXeeVDl02Vz8ZS84KUUGWK', '1', '0000-00-00 00:00:00', 'New Lemuel', 'Micronesia', 'H', NULL, NULL, '1', 'Est ut suscipit fuga cupiditate neque non. Quidem delectus est et aliquam voluptate atque.', NULL),
(308, 'Chaz Reilly', 'chandler28', 'rae.rohan@yahoo.com', '$2y$10$PBGfflrJ7zWxujpTPc3IWOtMwVqTOprKowjwFTmzrq56rT6FtKdUy', '1', '0000-00-00 00:00:00', 'Lockmanborough', 'Saint Kitts and Nevis', 'H', NULL, NULL, '1', 'Veniam et blanditiis quia aspernatur laborum qui aliquam temporibus. Quasi fugiat id aut error. Assumenda minus et aut nemo et minima.', NULL),
(309, 'Jess Metz', 'rosina.koss', 'xo''keefe@gmail.com', '$2y$10$ftgJ/Xa4GWmBvGis6UGP3Oj9kscpQXTIemMOrcuRkF2Mp1Y4yMUUi', '1', '0000-00-00 00:00:00', 'New Pasqualehaven', 'Korea', 'H', NULL, NULL, '0', 'Minima est sapiente voluptas quas. Neque qui ea quae. Aliquam vel praesentium quia sunt possimus quibusdam. Occaecati sit quisquam labore sed ea.', NULL),
(310, 'Gene Stehr', 'qcummings', 'glenda08@yahoo.com', '$2y$10$/n7wKW/y18TeDEqr2Ojy9u6ck4rrX5mub8wGxsrEiO/dkCnoJxJwG', '1', '0000-00-00 00:00:00', 'Schuppeshire', 'Mozambique', 'F', NULL, NULL, '1', 'Sit vel dolorem aut consequatur. Qui quibusdam quia qui aut impedit fugiat voluptatem. Fuga cumque nostrum id. Sit ipsum ullam voluptatem dolores. Hic corrupti commodi quas reiciendis.', NULL),
(311, 'Jayce Goldner', 'jsanford', 'jamil.mosciski@gmail.com', '$2y$10$7XPRJBMgfKsVXjOGrX5nnO1fE3bSPMmmsFYpn7U7vu/oDJgQMD0d2', '1', '0000-00-00 00:00:00', 'South Ninaland', 'Cook Islands', 'F', NULL, NULL, '0', 'Incidunt sit qui explicabo asperiores in fugiat magnam. Commodi sequi quo recusandae. Molestiae non in totam. Rerum quos et beatae deserunt officiis iusto accusamus eaque.', NULL),
(312, 'Mrs. Delta Wolff V', 'antonina.dooley', 'cleora.anderson@hackett.com', '$2y$10$Oo51lwZVC6s.9TAFdcLU0.Q3cjZdYqzANr84ZRwQCe8IpdkaD3ilC', '1', '0000-00-00 00:00:00', 'Kimberlyberg', 'Norway', 'F', NULL, NULL, '1', 'Autem officiis impedit delectus culpa tenetur possimus. Minus exercitationem rem earum eveniet rerum. Ad enim vel est consequatur ut. Aut consequatur in vel aut.', NULL),
(313, 'Daniella Ryan V', 'ntrantow', 'ohahn@gmail.com', '$2y$10$nai6HJjHULgkOTPSytJ3Q.oj.bPIVxEKFQAsjQZ/uwvdiiR.Uav4O', '1', '0000-00-00 00:00:00', 'Lake Leanna', 'Cook Islands', 'H', NULL, NULL, '1', 'Tempore quisquam eaque quia earum fuga rem reprehenderit. Qui aut aut consequatur exercitationem veritatis eius omnis consequatur. Molestiae provident nemo porro. Voluptatem quaerat minima est.', NULL),
(314, 'Prof. Cielo Koch DVM', 'neoma87', 'swaniawski.lia@gmail.com', '$2y$10$7NWEB3U2jDPhrc9PtvmRxOt1TcOi/G4nwHcbYRYXWYmJ9bVaCVJCq', '1', '0000-00-00 00:00:00', 'North Malindashire', 'Uzbekistan', 'F', NULL, NULL, '1', 'Quod sunt aut ut et sint. Dolor quia est omnis dolorum possimus dolores voluptate itaque. Veritatis atque impedit voluptates illum in. Et libero in natus possimus.', NULL),
(315, 'Bailee Runte', 'heller.leopoldo', 'skiles.esmeralda@wunsch.com', '$2y$10$TNciR6UyhvIdjqc8QvzI4uz3.1y6E5jTb3IeZz51uuGhzl5n6YHBW', '1', '0000-00-00 00:00:00', 'Erdmanfurt', 'Albania', 'H', NULL, NULL, '0', 'Fuga qui saepe voluptas. Eum ut beatae fugit impedit incidunt reiciendis enim quia. Iure labore facere quod laudantium. Qui quas aliquid expedita sit dolorem rerum.', NULL),
(316, 'Mr. Cristopher Olson V', 'hjerde', 'nolan.cristina@yahoo.com', '$2y$10$zVJakKGyI12P0UOoEZKik.LlBFR.kaSRJx62wID3zvXEIn2F4kjI2', '1', '0000-00-00 00:00:00', 'Lake Jacynthe', 'Maldives', 'H', NULL, NULL, '1', 'Vel debitis aut quia ipsum provident quidem et quia. Iure sapiente temporibus illum molestias fugiat provident. Placeat harum ut officia et provident dolores. Nemo distinctio quibusdam eum incidunt rerum.', NULL),
(317, 'Dr. Kamille Dickinson MD', 'kshlerin.horace', 'jack.rosenbaum@kochswift.com', '$2y$10$tdxvd4QdWKZrE11txSXKkuS3f6hl60U3r/zrevXkg67gkRNRt8duW', '1', '0000-00-00 00:00:00', 'South Einarstad', 'Turkmenistan', 'H', NULL, NULL, '0', 'Ut accusamus quia possimus veniam. Enim maxime qui est iusto. Soluta quod exercitationem quae consequuntur officia. Perspiciatis delectus deserunt qui ut officiis et.', NULL),
(318, 'Bud Klein', 'feeney.arjun', 'schmidt.enid@gmail.com', '$2y$10$8pZU5pEyLeScyKQzGnmzH.5UxbM3L4xti4BXBwGPzSvu7rA70S3IK', '1', '0000-00-00 00:00:00', 'North Seanstad', 'Portugal', 'H', NULL, NULL, '0', 'Facere aut omnis consequuntur odit voluptate facere consequatur voluptates. Dolor assumenda in voluptatibus eius ut et. Sint deleniti cumque omnis officia quos quia.', NULL),
(319, 'Baby Kohler', 'phamill', 'rhiannon26@gmail.com', '$2y$10$Oq51eyeKN08S8mKHmMNrde1aWQJZxN0ZN/jCAjJAS2AeN9eTdY1LS', '1', '0000-00-00 00:00:00', 'New Earlenemouth', 'United States Virgin Islands', 'F', NULL, NULL, '1', 'In officiis voluptas itaque enim perspiciatis magnam eaque. Distinctio cum dolor est accusantium possimus pariatur. Et enim iure ut qui vero non atque labore. Est saepe quia non facilis beatae animi.', NULL),
(320, 'Prof. Gordon Mayert III', 'eliza.shields', 'green.kattie@gmail.com', '$2y$10$lyc/FwYPE3LDrrUPq/.BUOGZDGkp0ZJyFVCefSXYXf9nKJ9frWIz2', '1', '0000-00-00 00:00:00', 'South Selina', 'Mozambique', 'F', NULL, NULL, '1', 'Tenetur ut nemo neque magni. Exercitationem adipisci perspiciatis enim occaecati repellendus. Praesentium accusamus at distinctio quo saepe. Necessitatibus ad soluta sunt aut.', NULL),
(321, 'Dawson Wilderman', 'meta04', 'brandi60@kerluke.biz', '$2y$10$lpxkWgTOaRf/WW0tL1rUL.BHykbYLAF0rbZW/7K75ku.wMcB5XzlK', '1', '0000-00-00 00:00:00', 'Lake Irvingburgh', 'Antarctica (the territory South of 60 deg S)', 'H', NULL, NULL, '1', 'Libero occaecati dolor quia cumque sit. Quae doloremque ea recusandae dignissimos illum ab. Eaque ut eligendi molestiae sint eligendi perferendis facilis. Dolores ut aperiam laudantium quo eum praesentium.', NULL),
(322, 'Kody Hoeger', 'brennon.reichert', 'scarlett67@buckridge.com', '$2y$10$DZvXlvoE3VjqYmEEeWDEiex/jK4Q562t6V.wvlBGkbb7xvvcB3uCy', '1', '0000-00-00 00:00:00', 'South Elfrieda', 'Bouvet Island (Bouvetoya)', 'F', NULL, NULL, '0', 'Qui nostrum sequi eius omnis odit. Vero sit possimus est quis impedit. Voluptas est natus mollitia nihil rerum.', NULL),
(323, 'Clarissa Lesch', 'eugenia.senger', 'nikolaus.earnest@kreiger.info', '$2y$10$h7hJhOV0gnG7BgutGDLIWe60ibihbltW.jr0428it8Pz4FclGMvUK', '1', '0000-00-00 00:00:00', 'Hubertmouth', 'Niue', 'F', NULL, NULL, '1', 'Nihil officiis ea cum explicabo. Cumque nam nulla reiciendis qui non eligendi. Laborum facilis amet magnam autem eos vitae qui. Qui sed aut hic nam.', NULL),
(324, 'Seth Kohler', 'asha52', 'vreinger@gmail.com', '$2y$10$LBe/Dn4I6Coz5q0fUjJp5ebefhgyhDBp8bJA6CZEGbMtvjyvhwj/S', '1', '0000-00-00 00:00:00', 'Dorcasmouth', 'Saint Kitts and Nevis', 'F', NULL, NULL, '0', 'Ad possimus doloribus dolorum sed voluptates et facere quas. Ut nobis voluptatum consectetur. Eos harum explicabo et eligendi quas veniam ex. Nisi saepe voluptas quibusdam quo. Eius exercitationem praesentium illum inventore alias eligendi.', NULL),
(325, 'Prof. Dorris Kulas DVM', 'kruecker', 'nienow.josianne@gmail.com', '$2y$10$FenpEyU/OgxYhubtcvdQru0Wfq9/UTP.lTZP/5ucV3LmKbcQpMChC', '1', '0000-00-00 00:00:00', 'South Destinystad', 'Tokelau', 'F', NULL, NULL, '1', 'Quisquam odit est facere quas aliquam quis quis. Culpa quia aut rerum consequatur sit sit deleniti. Eaque enim quaerat consequuntur at. Et culpa magni illo ad provident.', NULL),
(326, 'Miss Sophia Russel V', 'ljenkins', 'ada.hirthe@ullrich.com', '$2y$10$a6b35zd4bNj.TWbMWH8C3eVLa5Lzy7q1jq8ADneJLLkTp13jPkTEu', '1', '0000-00-00 00:00:00', 'Rodrickview', 'Falkland Islands (Malvinas)', 'F', NULL, NULL, '1', 'Facilis ut facilis molestias ea aperiam esse. Voluptatem hic animi sequi sit est debitis. Neque dolorum sequi quis quod et. Assumenda quod quia hic laborum facere.', NULL),
(327, 'sall1', 'sall1', 'sall1@gmail.com', '$2y$10$MNm1cpSvpye2qKsraMbfFecf7S78v/SR5gcPSBADdYoeD2yjcdcVS', '1', '2017-09-19 13:07:16', 'Dkar', 'Senegal', 'H', 'Sall', 'Sall', '1', 'je suis patient', '/uploads/327/6378235b7b566cb99578366529a465d3.jpg');

--
-- Constraints for dumped tables
--

--
-- Constraints for table `connected`
--
ALTER TABLE `connected`
  ADD CONSTRAINT `connected_ibfk_1` FOREIGN KEY (`id_user`) REFERENCES `users` (`id`);

--
-- Constraints for table `friends_relationships`
--
ALTER TABLE `friends_relationships`
  ADD CONSTRAINT `friends_relationships_ibfk_1` FOREIGN KEY (`id1_user`) REFERENCES `users` (`id`),
  ADD CONSTRAINT `friends_relationships_ibfk_2` FOREIGN KEY (`id2_user`) REFERENCES `users` (`id`);

--
-- Constraints for table `message`
--
ALTER TABLE `message`
  ADD CONSTRAINT `message_ibfk_1` FOREIGN KEY (`id_user`) REFERENCES `users` (`id`);

--
-- Constraints for table `microposts`
--
ALTER TABLE `microposts`
  ADD CONSTRAINT `microposts_ibfk_1` FOREIGN KEY (`user_id`) REFERENCES `users` (`id`);

--
-- Constraints for table `micropost_like`
--
ALTER TABLE `micropost_like`
  ADD CONSTRAINT `micropost_like_ibfk_1` FOREIGN KEY (`id_user`) REFERENCES `users` (`id`),
  ADD CONSTRAINT `micropost_like_ibfk_2` FOREIGN KEY (`id_micropost`) REFERENCES `microposts` (`id`),
  ADD CONSTRAINT `micropost_like_ibfk_3` FOREIGN KEY (`id_micropost`) REFERENCES `microposts` (`id`) ON DELETE CASCADE;

--
-- Constraints for table `notifications`
--
ALTER TABLE `notifications`
  ADD CONSTRAINT `notifications_ibfk_1` FOREIGN KEY (`id_user`) REFERENCES `users` (`id`);

/*!40101 SET CHARACTER_SET_CLIENT=@OLD_CHARACTER_SET_CLIENT */;
/*!40101 SET CHARACTER_SET_RESULTS=@OLD_CHARACTER_SET_RESULTS */;
/*!40101 SET COLLATION_CONNECTION=@OLD_COLLATION_CONNECTION */;
